conditions,class,confidence
"{'Eye Openness': 'small', 'Eyebrow Width': 'small', 'Eyebrow to Eye Distance': 'small', 'Mouth Openness': 'small', 'Mouth Corner to Eye Distance': 'small'}",SA,0.6855580615587642
"{'Eye Openness': 'small', 'Eyebrow Width': 'small', 'Eyebrow to Eye Distance': 'small', 'Mouth Openness': 'small', 'Mouth Corner to Eye Distance': 'small'}",HA,0.0338330772198119
"{'Eye Openness': 'small', 'Eyebrow Width': 'small', 'Eyebrow to Eye Distance': 'small', 'Mouth Openness': 'small', 'Mouth Corner to Eye Distance': 'small'}",DI,0.280608861221424
"{'Eye Openness': 'small', 'Eyebrow Width': 'small', 'Eyebrow to Eye Distance': 'small', 'Mouth Openness': 'small', 'Mouth Corner to Eye Distance': 'medium'}",HA,1.0
"{'Eye Openness': 'small', 'Eyebrow Width': 'small', 'Eyebrow to Eye Distance': 'small', 'Mouth Openness': 'small', 'Mouth Corner to Eye Distance': 'high'}",SA,0.6851929381194626
"{'Eye Openness': 'small', 'Eyebrow Width': 'small', 'Eyebrow to Eye Distance': 'small', 'Mouth Openness': 'small', 'Mouth Corner to Eye Distance': 'high'}",HA,0.034347650980322976
"{'Eye Openness': 'small', 'Eyebrow Width': 'small', 'Eyebrow to Eye Distance': 'small', 'Mouth Openness': 'small', 'Mouth Corner to Eye Distance': 'high'}",DI,0.28045941090021453
"{'Eye Openness': 'small', 'Eyebrow Width': 'small', 'Eyebrow to Eye Distance': 'small', 'Mouth Openness': 'medium', 'Mouth Corner to Eye Distance': 'small'}",NE,0.0004643051005863985
"{'Eye Openness': 'small', 'Eyebrow Width': 'small', 'Eyebrow to Eye Distance': 'small', 'Mouth Openness': 'medium', 'Mouth Corner to Eye Distance': 'small'}",FE,0.07876567783471583
"{'Eye Openness': 'small', 'Eyebrow Width': 'small', 'Eyebrow to Eye Distance': 'small', 'Mouth Openness': 'medium', 'Mouth Corner to Eye Distance': 'small'}",AN,0.04782400348475414
"{'Eye Openness': 'small', 'Eyebrow Width': 'small', 'Eyebrow to Eye Distance': 'small', 'Mouth Openness': 'medium', 'Mouth Corner to Eye Distance': 'small'}",SA,0.46807401253966624
"{'Eye Openness': 'small', 'Eyebrow Width': 'small', 'Eyebrow to Eye Distance': 'small', 'Mouth Openness': 'medium', 'Mouth Corner to Eye Distance': 'small'}",HA,0.16089044664457003
"{'Eye Openness': 'small', 'Eyebrow Width': 'small', 'Eyebrow to Eye Distance': 'small', 'Mouth Openness': 'medium', 'Mouth Corner to Eye Distance': 'small'}",DI,0.24398155439570757
"{'Eye Openness': 'small', 'Eyebrow Width': 'small', 'Eyebrow to Eye Distance': 'small', 'Mouth Openness': 'medium', 'Mouth Corner to Eye Distance': 'medium'}",AN,0.03161943129940694
"{'Eye Openness': 'small', 'Eyebrow Width': 'small', 'Eyebrow to Eye Distance': 'small', 'Mouth Openness': 'medium', 'Mouth Corner to Eye Distance': 'medium'}",HA,0.9683805687005932
"{'Eye Openness': 'small', 'Eyebrow Width': 'small', 'Eyebrow to Eye Distance': 'small', 'Mouth Openness': 'medium', 'Mouth Corner to Eye Distance': 'high'}",NE,0.00035028130988329863
"{'Eye Openness': 'small', 'Eyebrow Width': 'small', 'Eyebrow to Eye Distance': 'small', 'Mouth Openness': 'medium', 'Mouth Corner to Eye Distance': 'high'}",FE,0.05942244608328646
"{'Eye Openness': 'small', 'Eyebrow Width': 'small', 'Eyebrow to Eye Distance': 'small', 'Mouth Openness': 'medium', 'Mouth Corner to Eye Distance': 'high'}",AN,0.036079411066874366
"{'Eye Openness': 'small', 'Eyebrow Width': 'small', 'Eyebrow to Eye Distance': 'small', 'Mouth Openness': 'medium', 'Mouth Corner to Eye Distance': 'high'}",SA,0.3455541846279908
"{'Eye Openness': 'small', 'Eyebrow Width': 'small', 'Eyebrow to Eye Distance': 'small', 'Mouth Openness': 'medium', 'Mouth Corner to Eye Distance': 'high'}",HA,0.3745289781758183
"{'Eye Openness': 'small', 'Eyebrow Width': 'small', 'Eyebrow to Eye Distance': 'small', 'Mouth Openness': 'medium', 'Mouth Corner to Eye Distance': 'high'}",DI,0.18406469873614667
"{'Eye Openness': 'small', 'Eyebrow Width': 'small', 'Eyebrow to Eye Distance': 'small', 'Mouth Openness': 'high', 'Mouth Corner to Eye Distance': 'small'}",FE,0.12286221966124096
"{'Eye Openness': 'small', 'Eyebrow Width': 'small', 'Eyebrow to Eye Distance': 'small', 'Mouth Openness': 'high', 'Mouth Corner to Eye Distance': 'small'}",AN,0.018297349576650475
"{'Eye Openness': 'small', 'Eyebrow Width': 'small', 'Eyebrow to Eye Distance': 'small', 'Mouth Openness': 'high', 'Mouth Corner to Eye Distance': 'small'}",SA,0.3436661957440067
"{'Eye Openness': 'small', 'Eyebrow Width': 'small', 'Eyebrow to Eye Distance': 'small', 'Mouth Openness': 'high', 'Mouth Corner to Eye Distance': 'small'}",HA,0.2341283991090912
"{'Eye Openness': 'small', 'Eyebrow Width': 'small', 'Eyebrow to Eye Distance': 'small', 'Mouth Openness': 'high', 'Mouth Corner to Eye Distance': 'small'}",DI,0.2810458359090109
"{'Eye Openness': 'small', 'Eyebrow Width': 'small', 'Eyebrow to Eye Distance': 'small', 'Mouth Openness': 'high', 'Mouth Corner to Eye Distance': 'medium'}",AN,0.006783964769008003
"{'Eye Openness': 'small', 'Eyebrow Width': 'small', 'Eyebrow to Eye Distance': 'small', 'Mouth Openness': 'high', 'Mouth Corner to Eye Distance': 'medium'}",HA,0.9932160352309919
"{'Eye Openness': 'small', 'Eyebrow Width': 'small', 'Eyebrow to Eye Distance': 'small', 'Mouth Openness': 'high', 'Mouth Corner to Eye Distance': 'high'}",FE,0.09401743765892302
"{'Eye Openness': 'small', 'Eyebrow Width': 'small', 'Eyebrow to Eye Distance': 'small', 'Mouth Openness': 'high', 'Mouth Corner to Eye Distance': 'high'}",AN,0.014001618462448689
"{'Eye Openness': 'small', 'Eyebrow Width': 'small', 'Eyebrow to Eye Distance': 'small', 'Mouth Openness': 'high', 'Mouth Corner to Eye Distance': 'high'}",SA,0.25511479609298876
"{'Eye Openness': 'small', 'Eyebrow Width': 'small', 'Eyebrow to Eye Distance': 'small', 'Mouth Openness': 'high', 'Mouth Corner to Eye Distance': 'high'}",HA,0.42180240052687995
"{'Eye Openness': 'small', 'Eyebrow Width': 'small', 'Eyebrow to Eye Distance': 'small', 'Mouth Openness': 'high', 'Mouth Corner to Eye Distance': 'high'}",DI,0.2150637472587597
"{'Eye Openness': 'small', 'Eyebrow Width': 'small', 'Eyebrow to Eye Distance': 'medium', 'Mouth Openness': 'small', 'Mouth Corner to Eye Distance': 'small'}",AN,0.17351351942341348
"{'Eye Openness': 'small', 'Eyebrow Width': 'small', 'Eyebrow to Eye Distance': 'medium', 'Mouth Openness': 'small', 'Mouth Corner to Eye Distance': 'small'}",SA,0.29209722806932753
"{'Eye Openness': 'small', 'Eyebrow Width': 'small', 'Eyebrow to Eye Distance': 'medium', 'Mouth Openness': 'small', 'Mouth Corner to Eye Distance': 'small'}",HA,0.009641634363149704
"{'Eye Openness': 'small', 'Eyebrow Width': 'small', 'Eyebrow to Eye Distance': 'medium', 'Mouth Openness': 'small', 'Mouth Corner to Eye Distance': 'small'}",DI,0.5247476181441092
"{'Eye Openness': 'small', 'Eyebrow Width': 'small', 'Eyebrow to Eye Distance': 'medium', 'Mouth Openness': 'small', 'Mouth Corner to Eye Distance': 'medium'}",HA,1.0
"{'Eye Openness': 'small', 'Eyebrow Width': 'small', 'Eyebrow to Eye Distance': 'medium', 'Mouth Openness': 'small', 'Mouth Corner to Eye Distance': 'high'}",AN,0.15818837974350738
"{'Eye Openness': 'small', 'Eyebrow Width': 'small', 'Eyebrow to Eye Distance': 'medium', 'Mouth Openness': 'small', 'Mouth Corner to Eye Distance': 'high'}",SA,0.2986392434948596
"{'Eye Openness': 'small', 'Eyebrow Width': 'small', 'Eyebrow to Eye Distance': 'medium', 'Mouth Openness': 'small', 'Mouth Corner to Eye Distance': 'high'}",HA,0.010211917102061211
"{'Eye Openness': 'small', 'Eyebrow Width': 'small', 'Eyebrow to Eye Distance': 'medium', 'Mouth Openness': 'small', 'Mouth Corner to Eye Distance': 'high'}",DI,0.5329604596595716
"{'Eye Openness': 'small', 'Eyebrow Width': 'small', 'Eyebrow to Eye Distance': 'medium', 'Mouth Openness': 'medium', 'Mouth Corner to Eye Distance': 'small'}",FE,0.06027341863603531
"{'Eye Openness': 'small', 'Eyebrow Width': 'small', 'Eyebrow to Eye Distance': 'medium', 'Mouth Openness': 'medium', 'Mouth Corner to Eye Distance': 'small'}",AN,0.12673043124715228
"{'Eye Openness': 'small', 'Eyebrow Width': 'small', 'Eyebrow to Eye Distance': 'medium', 'Mouth Openness': 'medium', 'Mouth Corner to Eye Distance': 'small'}",SA,0.3015856078697557
"{'Eye Openness': 'small', 'Eyebrow Width': 'small', 'Eyebrow to Eye Distance': 'medium', 'Mouth Openness': 'medium', 'Mouth Corner to Eye Distance': 'small'}",HA,0.08848351887802125
"{'Eye Openness': 'small', 'Eyebrow Width': 'small', 'Eyebrow to Eye Distance': 'medium', 'Mouth Openness': 'medium', 'Mouth Corner to Eye Distance': 'small'}",DI,0.4229270233690357
"{'Eye Openness': 'small', 'Eyebrow Width': 'small', 'Eyebrow to Eye Distance': 'medium', 'Mouth Openness': 'medium', 'Mouth Corner to Eye Distance': 'medium'}",AN,0.04228212780591679
"{'Eye Openness': 'small', 'Eyebrow Width': 'small', 'Eyebrow to Eye Distance': 'medium', 'Mouth Openness': 'medium', 'Mouth Corner to Eye Distance': 'medium'}",HA,0.9577178721940832
"{'Eye Openness': 'small', 'Eyebrow Width': 'small', 'Eyebrow to Eye Distance': 'medium', 'Mouth Openness': 'medium', 'Mouth Corner to Eye Distance': 'high'}",FE,0.050621293765007104
"{'Eye Openness': 'small', 'Eyebrow Width': 'small', 'Eyebrow to Eye Distance': 'medium', 'Mouth Openness': 'medium', 'Mouth Corner to Eye Distance': 'high'}",AN,0.09922338489608533
"{'Eye Openness': 'small', 'Eyebrow Width': 'small', 'Eyebrow to Eye Distance': 'medium', 'Mouth Openness': 'medium', 'Mouth Corner to Eye Distance': 'high'}",SA,0.25328999079116044
"{'Eye Openness': 'small', 'Eyebrow Width': 'small', 'Eyebrow to Eye Distance': 'medium', 'Mouth Openness': 'medium', 'Mouth Corner to Eye Distance': 'high'}",HA,0.24983778989235195
"{'Eye Openness': 'small', 'Eyebrow Width': 'small', 'Eyebrow to Eye Distance': 'medium', 'Mouth Openness': 'medium', 'Mouth Corner to Eye Distance': 'high'}",DI,0.3470275406553954
"{'Eye Openness': 'small', 'Eyebrow Width': 'small', 'Eyebrow to Eye Distance': 'medium', 'Mouth Openness': 'high', 'Mouth Corner to Eye Distance': 'small'}",FE,0.0979904041998322
"{'Eye Openness': 'small', 'Eyebrow Width': 'small', 'Eyebrow to Eye Distance': 'medium', 'Mouth Openness': 'high', 'Mouth Corner to Eye Distance': 'small'}",AN,0.08126689566172285
"{'Eye Openness': 'small', 'Eyebrow Width': 'small', 'Eyebrow to Eye Distance': 'medium', 'Mouth Openness': 'high', 'Mouth Corner to Eye Distance': 'small'}",SA,0.24387904983316916
"{'Eye Openness': 'small', 'Eyebrow Width': 'small', 'Eyebrow to Eye Distance': 'medium', 'Mouth Openness': 'high', 'Mouth Corner to Eye Distance': 'small'}",HA,0.14919024173116346
"{'Eye Openness': 'small', 'Eyebrow Width': 'small', 'Eyebrow to Eye Distance': 'medium', 'Mouth Openness': 'high', 'Mouth Corner to Eye Distance': 'small'}",DI,0.42767340857411257
"{'Eye Openness': 'small', 'Eyebrow Width': 'small', 'Eyebrow to Eye Distance': 'medium', 'Mouth Openness': 'high', 'Mouth Corner to Eye Distance': 'medium'}",AN,0.008470113926182514
"{'Eye Openness': 'small', 'Eyebrow Width': 'small', 'Eyebrow to Eye Distance': 'medium', 'Mouth Openness': 'high', 'Mouth Corner to Eye Distance': 'medium'}",HA,0.9915298860738175
"{'Eye Openness': 'small', 'Eyebrow Width': 'small', 'Eyebrow to Eye Distance': 'medium', 'Mouth Openness': 'high', 'Mouth Corner to Eye Distance': 'high'}",FE,0.07995774735397475
"{'Eye Openness': 'small', 'Eyebrow Width': 'small', 'Eyebrow to Eye Distance': 'medium', 'Mouth Openness': 'high', 'Mouth Corner to Eye Distance': 'high'}",AN,0.0663117778176589
"{'Eye Openness': 'small', 'Eyebrow Width': 'small', 'Eyebrow to Eye Distance': 'medium', 'Mouth Openness': 'high', 'Mouth Corner to Eye Distance': 'high'}",SA,0.19899927559969544
"{'Eye Openness': 'small', 'Eyebrow Width': 'small', 'Eyebrow to Eye Distance': 'medium', 'Mouth Openness': 'high', 'Mouth Corner to Eye Distance': 'high'}",HA,0.30576027057481564
"{'Eye Openness': 'small', 'Eyebrow Width': 'small', 'Eyebrow to Eye Distance': 'medium', 'Mouth Openness': 'high', 'Mouth Corner to Eye Distance': 'high'}",DI,0.3489709286538556
"{'Eye Openness': 'small', 'Eyebrow Width': 'small', 'Eyebrow to Eye Distance': 'high', 'Mouth Openness': 'small', 'Mouth Corner to Eye Distance': 'small'}",HA,1.0
"{'Eye Openness': 'small', 'Eyebrow Width': 'small', 'Eyebrow to Eye Distance': 'high', 'Mouth Openness': 'small', 'Mouth Corner to Eye Distance': 'medium'}",HA,1.0
"{'Eye Openness': 'small', 'Eyebrow Width': 'small', 'Eyebrow to Eye Distance': 'high', 'Mouth Openness': 'small', 'Mouth Corner to Eye Distance': 'high'}",HA,1.0
"{'Eye Openness': 'small', 'Eyebrow Width': 'small', 'Eyebrow to Eye Distance': 'high', 'Mouth Openness': 'medium', 'Mouth Corner to Eye Distance': 'small'}",NE,0.23322342504924662
"{'Eye Openness': 'small', 'Eyebrow Width': 'small', 'Eyebrow to Eye Distance': 'high', 'Mouth Openness': 'medium', 'Mouth Corner to Eye Distance': 'small'}",FE,0.007595889252266329
"{'Eye Openness': 'small', 'Eyebrow Width': 'small', 'Eyebrow to Eye Distance': 'high', 'Mouth Openness': 'medium', 'Mouth Corner to Eye Distance': 'small'}",SA,0.007595889252266329
"{'Eye Openness': 'small', 'Eyebrow Width': 'small', 'Eyebrow to Eye Distance': 'high', 'Mouth Openness': 'medium', 'Mouth Corner to Eye Distance': 'small'}",HA,0.7515847964462209
"{'Eye Openness': 'small', 'Eyebrow Width': 'small', 'Eyebrow to Eye Distance': 'high', 'Mouth Openness': 'medium', 'Mouth Corner to Eye Distance': 'medium'}",HA,1.0
"{'Eye Openness': 'small', 'Eyebrow Width': 'small', 'Eyebrow to Eye Distance': 'high', 'Mouth Openness': 'medium', 'Mouth Corner to Eye Distance': 'high'}",NE,0.12474545303992646
"{'Eye Openness': 'small', 'Eyebrow Width': 'small', 'Eyebrow to Eye Distance': 'high', 'Mouth Openness': 'medium', 'Mouth Corner to Eye Distance': 'high'}",FE,0.004062853659811357
"{'Eye Openness': 'small', 'Eyebrow Width': 'small', 'Eyebrow to Eye Distance': 'high', 'Mouth Openness': 'medium', 'Mouth Corner to Eye Distance': 'high'}",SA,0.004062853659811357
"{'Eye Openness': 'small', 'Eyebrow Width': 'small', 'Eyebrow to Eye Distance': 'high', 'Mouth Openness': 'medium', 'Mouth Corner to Eye Distance': 'high'}",HA,0.8671288396404508
"{'Eye Openness': 'small', 'Eyebrow Width': 'small', 'Eyebrow to Eye Distance': 'high', 'Mouth Openness': 'high', 'Mouth Corner to Eye Distance': 'small'}",NE,0.05564201757475639
"{'Eye Openness': 'small', 'Eyebrow Width': 'small', 'Eyebrow to Eye Distance': 'high', 'Mouth Openness': 'high', 'Mouth Corner to Eye Distance': 'small'}",HA,0.9443579824252436
"{'Eye Openness': 'small', 'Eyebrow Width': 'small', 'Eyebrow to Eye Distance': 'high', 'Mouth Openness': 'high', 'Mouth Corner to Eye Distance': 'medium'}",HA,1.0
"{'Eye Openness': 'small', 'Eyebrow Width': 'small', 'Eyebrow to Eye Distance': 'high', 'Mouth Openness': 'high', 'Mouth Corner to Eye Distance': 'high'}",NE,0.03043583866487972
"{'Eye Openness': 'small', 'Eyebrow Width': 'small', 'Eyebrow to Eye Distance': 'high', 'Mouth Openness': 'high', 'Mouth Corner to Eye Distance': 'high'}",HA,0.9695641613351204
"{'Eye Openness': 'small', 'Eyebrow Width': 'medium', 'Eyebrow to Eye Distance': 'small', 'Mouth Openness': 'small', 'Mouth Corner to Eye Distance': 'small'}",SA,0.6131613809634837
"{'Eye Openness': 'small', 'Eyebrow Width': 'medium', 'Eyebrow to Eye Distance': 'small', 'Mouth Openness': 'small', 'Mouth Corner to Eye Distance': 'small'}",HA,0.02390243506843077
"{'Eye Openness': 'small', 'Eyebrow Width': 'medium', 'Eyebrow to Eye Distance': 'small', 'Mouth Openness': 'small', 'Mouth Corner to Eye Distance': 'small'}",DI,0.36293618396808547
"{'Eye Openness': 'small', 'Eyebrow Width': 'medium', 'Eyebrow to Eye Distance': 'small', 'Mouth Openness': 'small', 'Mouth Corner to Eye Distance': 'medium'}",HA,1.0
"{'Eye Openness': 'small', 'Eyebrow Width': 'medium', 'Eyebrow to Eye Distance': 'small', 'Mouth Openness': 'small', 'Mouth Corner to Eye Distance': 'high'}",SA,0.6131613809634837
"{'Eye Openness': 'small', 'Eyebrow Width': 'medium', 'Eyebrow to Eye Distance': 'small', 'Mouth Openness': 'small', 'Mouth Corner to Eye Distance': 'high'}",HA,0.02390243506843077
"{'Eye Openness': 'small', 'Eyebrow Width': 'medium', 'Eyebrow to Eye Distance': 'small', 'Mouth Openness': 'small', 'Mouth Corner to Eye Distance': 'high'}",DI,0.36293618396808547
"{'Eye Openness': 'small', 'Eyebrow Width': 'medium', 'Eyebrow to Eye Distance': 'small', 'Mouth Openness': 'medium', 'Mouth Corner to Eye Distance': 'small'}",FE,0.08974598079863147
"{'Eye Openness': 'small', 'Eyebrow Width': 'medium', 'Eyebrow to Eye Distance': 'small', 'Mouth Openness': 'medium', 'Mouth Corner to Eye Distance': 'small'}",AN,0.06141697656829918
"{'Eye Openness': 'small', 'Eyebrow Width': 'medium', 'Eyebrow to Eye Distance': 'small', 'Mouth Openness': 'medium', 'Mouth Corner to Eye Distance': 'small'}",SA,0.531204384594323
"{'Eye Openness': 'small', 'Eyebrow Width': 'medium', 'Eyebrow to Eye Distance': 'small', 'Mouth Openness': 'medium', 'Mouth Corner to Eye Distance': 'small'}",HA,0.06425658003818059
"{'Eye Openness': 'small', 'Eyebrow Width': 'medium', 'Eyebrow to Eye Distance': 'small', 'Mouth Openness': 'medium', 'Mouth Corner to Eye Distance': 'small'}",DI,0.253376078000566
"{'Eye Openness': 'small', 'Eyebrow Width': 'medium', 'Eyebrow to Eye Distance': 'small', 'Mouth Openness': 'medium', 'Mouth Corner to Eye Distance': 'medium'}",AN,0.0220393386080691
"{'Eye Openness': 'small', 'Eyebrow Width': 'medium', 'Eyebrow to Eye Distance': 'small', 'Mouth Openness': 'medium', 'Mouth Corner to Eye Distance': 'medium'}",HA,0.9779606613919309
"{'Eye Openness': 'small', 'Eyebrow Width': 'medium', 'Eyebrow to Eye Distance': 'small', 'Mouth Openness': 'medium', 'Mouth Corner to Eye Distance': 'high'}",FE,0.07055014681615687
"{'Eye Openness': 'small', 'Eyebrow Width': 'medium', 'Eyebrow to Eye Distance': 'small', 'Mouth Openness': 'medium', 'Mouth Corner to Eye Distance': 'high'}",AN,0.04828045418123111
"{'Eye Openness': 'small', 'Eyebrow Width': 'medium', 'Eyebrow to Eye Distance': 'small', 'Mouth Openness': 'medium', 'Mouth Corner to Eye Distance': 'high'}",SA,0.4051879906701258
"{'Eye Openness': 'small', 'Eyebrow Width': 'medium', 'Eyebrow to Eye Distance': 'small', 'Mouth Openness': 'medium', 'Mouth Corner to Eye Distance': 'high'}",HA,0.27680012641245477
"{'Eye Openness': 'small', 'Eyebrow Width': 'medium', 'Eyebrow to Eye Distance': 'small', 'Mouth Openness': 'medium', 'Mouth Corner to Eye Distance': 'high'}",DI,0.19918128192003148
"{'Eye Openness': 'small', 'Eyebrow Width': 'medium', 'Eyebrow to Eye Distance': 'small', 'Mouth Openness': 'high', 'Mouth Corner to Eye Distance': 'small'}",FE,0.12174416049922983
"{'Eye Openness': 'small', 'Eyebrow Width': 'medium', 'Eyebrow to Eye Distance': 'small', 'Mouth Openness': 'high', 'Mouth Corner to Eye Distance': 'small'}",AN,0.03307499496515124
"{'Eye Openness': 'small', 'Eyebrow Width': 'medium', 'Eyebrow to Eye Distance': 'small', 'Mouth Openness': 'high', 'Mouth Corner to Eye Distance': 'small'}",SA,0.47491977200117996
"{'Eye Openness': 'small', 'Eyebrow Width': 'medium', 'Eyebrow to Eye Distance': 'small', 'Mouth Openness': 'high', 'Mouth Corner to Eye Distance': 'small'}",HA,0.11053374396300235
"{'Eye Openness': 'small', 'Eyebrow Width': 'medium', 'Eyebrow to Eye Distance': 'small', 'Mouth Openness': 'high', 'Mouth Corner to Eye Distance': 'small'}",DI,0.2597273285714364
"{'Eye Openness': 'small', 'Eyebrow Width': 'medium', 'Eyebrow to Eye Distance': 'small', 'Mouth Openness': 'high', 'Mouth Corner to Eye Distance': 'medium'}",AN,0.011936696760381386
"{'Eye Openness': 'small', 'Eyebrow Width': 'medium', 'Eyebrow to Eye Distance': 'small', 'Mouth Openness': 'high', 'Mouth Corner to Eye Distance': 'medium'}",HA,0.9880633032396187
"{'Eye Openness': 'small', 'Eyebrow Width': 'medium', 'Eyebrow to Eye Distance': 'small', 'Mouth Openness': 'high', 'Mouth Corner to Eye Distance': 'high'}",FE,0.09218374363535899
"{'Eye Openness': 'small', 'Eyebrow Width': 'medium', 'Eyebrow to Eye Distance': 'small', 'Mouth Openness': 'high', 'Mouth Corner to Eye Distance': 'high'}",AN,0.02504413225328848
"{'Eye Openness': 'small', 'Eyebrow Width': 'medium', 'Eyebrow to Eye Distance': 'small', 'Mouth Openness': 'high', 'Mouth Corner to Eye Distance': 'high'}",SA,0.3455329382174243
"{'Eye Openness': 'small', 'Eyebrow Width': 'medium', 'Eyebrow to Eye Distance': 'small', 'Mouth Openness': 'high', 'Mouth Corner to Eye Distance': 'high'}",HA,0.34057564676444857
"{'Eye Openness': 'small', 'Eyebrow Width': 'medium', 'Eyebrow to Eye Distance': 'small', 'Mouth Openness': 'high', 'Mouth Corner to Eye Distance': 'high'}",DI,0.1966635391294797
"{'Eye Openness': 'small', 'Eyebrow Width': 'medium', 'Eyebrow to Eye Distance': 'medium', 'Mouth Openness': 'small', 'Mouth Corner to Eye Distance': 'small'}",AN,0.2018820152814546
"{'Eye Openness': 'small', 'Eyebrow Width': 'medium', 'Eyebrow to Eye Distance': 'medium', 'Mouth Openness': 'small', 'Mouth Corner to Eye Distance': 'small'}",SA,0.2427771530503446
"{'Eye Openness': 'small', 'Eyebrow Width': 'medium', 'Eyebrow to Eye Distance': 'medium', 'Mouth Openness': 'small', 'Mouth Corner to Eye Distance': 'small'}",HA,0.011217987983344049
"{'Eye Openness': 'small', 'Eyebrow Width': 'medium', 'Eyebrow to Eye Distance': 'medium', 'Mouth Openness': 'small', 'Mouth Corner to Eye Distance': 'small'}",DI,0.5441228436848566
"{'Eye Openness': 'small', 'Eyebrow Width': 'medium', 'Eyebrow to Eye Distance': 'medium', 'Mouth Openness': 'small', 'Mouth Corner to Eye Distance': 'medium'}",HA,1.0
"{'Eye Openness': 'small', 'Eyebrow Width': 'medium', 'Eyebrow to Eye Distance': 'medium', 'Mouth Openness': 'small', 'Mouth Corner to Eye Distance': 'high'}",AN,0.18404311087488298
"{'Eye Openness': 'small', 'Eyebrow Width': 'medium', 'Eyebrow to Eye Distance': 'medium', 'Mouth Openness': 'small', 'Mouth Corner to Eye Distance': 'high'}",SA,0.24820351670620433
"{'Eye Openness': 'small', 'Eyebrow Width': 'medium', 'Eyebrow to Eye Distance': 'medium', 'Mouth Openness': 'small', 'Mouth Corner to Eye Distance': 'high'}",HA,0.011468723612788003
"{'Eye Openness': 'small', 'Eyebrow Width': 'medium', 'Eyebrow to Eye Distance': 'medium', 'Mouth Openness': 'small', 'Mouth Corner to Eye Distance': 'high'}",DI,0.5562846488061246
"{'Eye Openness': 'small', 'Eyebrow Width': 'medium', 'Eyebrow to Eye Distance': 'medium', 'Mouth Openness': 'medium', 'Mouth Corner to Eye Distance': 'small'}",FE,0.05780585482710308
"{'Eye Openness': 'small', 'Eyebrow Width': 'medium', 'Eyebrow to Eye Distance': 'medium', 'Mouth Openness': 'medium', 'Mouth Corner to Eye Distance': 'small'}",AN,0.1560980987789523
"{'Eye Openness': 'small', 'Eyebrow Width': 'medium', 'Eyebrow to Eye Distance': 'medium', 'Mouth Openness': 'medium', 'Mouth Corner to Eye Distance': 'small'}",SA,0.28991207175720735
"{'Eye Openness': 'small', 'Eyebrow Width': 'medium', 'Eyebrow to Eye Distance': 'medium', 'Mouth Openness': 'medium', 'Mouth Corner to Eye Distance': 'small'}",HA,0.041387998708348146
"{'Eye Openness': 'small', 'Eyebrow Width': 'medium', 'Eyebrow to Eye Distance': 'medium', 'Mouth Openness': 'medium', 'Mouth Corner to Eye Distance': 'small'}",DI,0.4547959759283893
"{'Eye Openness': 'small', 'Eyebrow Width': 'medium', 'Eyebrow to Eye Distance': 'medium', 'Mouth Openness': 'medium', 'Mouth Corner to Eye Distance': 'medium'}",AN,0.0220393386080691
"{'Eye Openness': 'small', 'Eyebrow Width': 'medium', 'Eyebrow to Eye Distance': 'medium', 'Mouth Openness': 'medium', 'Mouth Corner to Eye Distance': 'medium'}",HA,0.9779606613919309
"{'Eye Openness': 'small', 'Eyebrow Width': 'medium', 'Eyebrow to Eye Distance': 'medium', 'Mouth Openness': 'medium', 'Mouth Corner to Eye Distance': 'high'}",FE,0.04947546131929188
"{'Eye Openness': 'small', 'Eyebrow Width': 'medium', 'Eyebrow to Eye Distance': 'medium', 'Mouth Openness': 'medium', 'Mouth Corner to Eye Distance': 'high'}",AN,0.12393754767417459
"{'Eye Openness': 'small', 'Eyebrow Width': 'medium', 'Eyebrow to Eye Distance': 'medium', 'Mouth Openness': 'medium', 'Mouth Corner to Eye Distance': 'high'}",SA,0.24813288437859618
"{'Eye Openness': 'small', 'Eyebrow Width': 'medium', 'Eyebrow to Eye Distance': 'medium', 'Mouth Openness': 'medium', 'Mouth Corner to Eye Distance': 'high'}",HA,0.19411460592961122
"{'Eye Openness': 'small', 'Eyebrow Width': 'medium', 'Eyebrow to Eye Distance': 'medium', 'Mouth Openness': 'medium', 'Mouth Corner to Eye Distance': 'high'}",DI,0.3843395006983261
"{'Eye Openness': 'small', 'Eyebrow Width': 'medium', 'Eyebrow to Eye Distance': 'medium', 'Mouth Openness': 'high', 'Mouth Corner to Eye Distance': 'small'}",FE,0.08091380713460007
"{'Eye Openness': 'small', 'Eyebrow Width': 'medium', 'Eyebrow to Eye Distance': 'medium', 'Mouth Openness': 'high', 'Mouth Corner to Eye Distance': 'small'}",AN,0.12241498291171263
"{'Eye Openness': 'small', 'Eyebrow Width': 'medium', 'Eyebrow to Eye Distance': 'medium', 'Mouth Openness': 'high', 'Mouth Corner to Eye Distance': 'small'}",SA,0.27012584743480533
"{'Eye Openness': 'small', 'Eyebrow Width': 'medium', 'Eyebrow to Eye Distance': 'medium', 'Mouth Openness': 'high', 'Mouth Corner to Eye Distance': 'small'}",HA,0.07346312138678895
"{'Eye Openness': 'small', 'Eyebrow Width': 'medium', 'Eyebrow to Eye Distance': 'medium', 'Mouth Openness': 'high', 'Mouth Corner to Eye Distance': 'small'}",DI,0.45308224113209294
"{'Eye Openness': 'small', 'Eyebrow Width': 'medium', 'Eyebrow to Eye Distance': 'medium', 'Mouth Openness': 'high', 'Mouth Corner to Eye Distance': 'medium'}",AN,0.011936696760381386
"{'Eye Openness': 'small', 'Eyebrow Width': 'medium', 'Eyebrow to Eye Distance': 'medium', 'Mouth Openness': 'high', 'Mouth Corner to Eye Distance': 'medium'}",HA,0.9880633032396187
"{'Eye Openness': 'small', 'Eyebrow Width': 'medium', 'Eyebrow to Eye Distance': 'medium', 'Mouth Openness': 'high', 'Mouth Corner to Eye Distance': 'high'}",FE,0.06602646369445196
"{'Eye Openness': 'small', 'Eyebrow Width': 'medium', 'Eyebrow to Eye Distance': 'medium', 'Mouth Openness': 'high', 'Mouth Corner to Eye Distance': 'high'}",AN,0.09989183195189054
"{'Eye Openness': 'small', 'Eyebrow Width': 'medium', 'Eyebrow to Eye Distance': 'medium', 'Mouth Openness': 'high', 'Mouth Corner to Eye Distance': 'high'}",SA,0.22042535248549086
"{'Eye Openness': 'small', 'Eyebrow Width': 'medium', 'Eyebrow to Eye Distance': 'medium', 'Mouth Openness': 'high', 'Mouth Corner to Eye Distance': 'high'}",HA,0.24393677984327383
"{'Eye Openness': 'small', 'Eyebrow Width': 'medium', 'Eyebrow to Eye Distance': 'medium', 'Mouth Openness': 'high', 'Mouth Corner to Eye Distance': 'high'}",DI,0.3697195720248929
"{'Eye Openness': 'small', 'Eyebrow Width': 'medium', 'Eyebrow to Eye Distance': 'high', 'Mouth Openness': 'medium', 'Mouth Corner to Eye Distance': 'small'}",NE,0.9674308476918114
"{'Eye Openness': 'small', 'Eyebrow Width': 'medium', 'Eyebrow to Eye Distance': 'high', 'Mouth Openness': 'medium', 'Mouth Corner to Eye Distance': 'small'}",SA,0.03256915230818863
"{'Eye Openness': 'small', 'Eyebrow Width': 'medium', 'Eyebrow to Eye Distance': 'high', 'Mouth Openness': 'medium', 'Mouth Corner to Eye Distance': 'high'}",NE,0.9674308476918114
"{'Eye Openness': 'small', 'Eyebrow Width': 'medium', 'Eyebrow to Eye Distance': 'high', 'Mouth Openness': 'medium', 'Mouth Corner to Eye Distance': 'high'}",SA,0.03256915230818863
"{'Eye Openness': 'small', 'Eyebrow Width': 'medium', 'Eyebrow to Eye Distance': 'high', 'Mouth Openness': 'high', 'Mouth Corner to Eye Distance': 'small'}",NE,1.0
"{'Eye Openness': 'small', 'Eyebrow Width': 'medium', 'Eyebrow to Eye Distance': 'high', 'Mouth Openness': 'high', 'Mouth Corner to Eye Distance': 'high'}",NE,1.0
"{'Eye Openness': 'small', 'Eyebrow Width': 'high', 'Eyebrow to Eye Distance': 'small', 'Mouth Openness': 'small', 'Mouth Corner to Eye Distance': 'small'}",SA,0.054225070852311354
"{'Eye Openness': 'small', 'Eyebrow Width': 'high', 'Eyebrow to Eye Distance': 'small', 'Mouth Openness': 'small', 'Mouth Corner to Eye Distance': 'small'}",DI,0.9457749291476886
"{'Eye Openness': 'small', 'Eyebrow Width': 'high', 'Eyebrow to Eye Distance': 'small', 'Mouth Openness': 'small', 'Mouth Corner to Eye Distance': 'high'}",SA,0.06214975125148778
"{'Eye Openness': 'small', 'Eyebrow Width': 'high', 'Eyebrow to Eye Distance': 'small', 'Mouth Openness': 'small', 'Mouth Corner to Eye Distance': 'high'}",DI,0.9378502487485122
"{'Eye Openness': 'small', 'Eyebrow Width': 'high', 'Eyebrow to Eye Distance': 'small', 'Mouth Openness': 'medium', 'Mouth Corner to Eye Distance': 'small'}",AN,0.0022998943768140286
"{'Eye Openness': 'small', 'Eyebrow Width': 'high', 'Eyebrow to Eye Distance': 'small', 'Mouth Openness': 'medium', 'Mouth Corner to Eye Distance': 'small'}",SA,0.18994740684297112
"{'Eye Openness': 'small', 'Eyebrow Width': 'high', 'Eyebrow to Eye Distance': 'small', 'Mouth Openness': 'medium', 'Mouth Corner to Eye Distance': 'small'}",DI,0.8077526987802148
"{'Eye Openness': 'small', 'Eyebrow Width': 'high', 'Eyebrow to Eye Distance': 'small', 'Mouth Openness': 'medium', 'Mouth Corner to Eye Distance': 'high'}",AN,0.002452405294977975
"{'Eye Openness': 'small', 'Eyebrow Width': 'high', 'Eyebrow to Eye Distance': 'small', 'Mouth Openness': 'medium', 'Mouth Corner to Eye Distance': 'high'}",SA,0.20254322589993676
"{'Eye Openness': 'small', 'Eyebrow Width': 'high', 'Eyebrow to Eye Distance': 'small', 'Mouth Openness': 'medium', 'Mouth Corner to Eye Distance': 'high'}",DI,0.7950043688050854
"{'Eye Openness': 'small', 'Eyebrow Width': 'high', 'Eyebrow to Eye Distance': 'small', 'Mouth Openness': 'high', 'Mouth Corner to Eye Distance': 'small'}",AN,0.0020357201356928753
"{'Eye Openness': 'small', 'Eyebrow Width': 'high', 'Eyebrow to Eye Distance': 'small', 'Mouth Openness': 'high', 'Mouth Corner to Eye Distance': 'small'}",SA,0.15900987449950654
"{'Eye Openness': 'small', 'Eyebrow Width': 'high', 'Eyebrow to Eye Distance': 'small', 'Mouth Openness': 'high', 'Mouth Corner to Eye Distance': 'small'}",DI,0.8389544053648004
"{'Eye Openness': 'small', 'Eyebrow Width': 'high', 'Eyebrow to Eye Distance': 'small', 'Mouth Openness': 'high', 'Mouth Corner to Eye Distance': 'high'}",AN,0.002154304075318572
"{'Eye Openness': 'small', 'Eyebrow Width': 'high', 'Eyebrow to Eye Distance': 'small', 'Mouth Openness': 'high', 'Mouth Corner to Eye Distance': 'high'}",SA,0.16827245289961715
"{'Eye Openness': 'small', 'Eyebrow Width': 'high', 'Eyebrow to Eye Distance': 'small', 'Mouth Openness': 'high', 'Mouth Corner to Eye Distance': 'high'}",DI,0.8295732430250643
"{'Eye Openness': 'small', 'Eyebrow Width': 'high', 'Eyebrow to Eye Distance': 'medium', 'Mouth Openness': 'small', 'Mouth Corner to Eye Distance': 'small'}",AN,0.01914774126240475
"{'Eye Openness': 'small', 'Eyebrow Width': 'high', 'Eyebrow to Eye Distance': 'medium', 'Mouth Openness': 'small', 'Mouth Corner to Eye Distance': 'small'}",SA,0.04002967795789023
"{'Eye Openness': 'small', 'Eyebrow Width': 'high', 'Eyebrow to Eye Distance': 'medium', 'Mouth Openness': 'small', 'Mouth Corner to Eye Distance': 'small'}",DI,0.940822580779705
"{'Eye Openness': 'small', 'Eyebrow Width': 'high', 'Eyebrow to Eye Distance': 'medium', 'Mouth Openness': 'small', 'Mouth Corner to Eye Distance': 'high'}",AN,0.021137386355355996
"{'Eye Openness': 'small', 'Eyebrow Width': 'high', 'Eyebrow to Eye Distance': 'medium', 'Mouth Openness': 'small', 'Mouth Corner to Eye Distance': 'high'}",SA,0.04418916868997527
"{'Eye Openness': 'small', 'Eyebrow Width': 'high', 'Eyebrow to Eye Distance': 'medium', 'Mouth Openness': 'small', 'Mouth Corner to Eye Distance': 'high'}",DI,0.9346734449546688
"{'Eye Openness': 'small', 'Eyebrow Width': 'high', 'Eyebrow to Eye Distance': 'medium', 'Mouth Openness': 'medium', 'Mouth Corner to Eye Distance': 'small'}",AN,0.008142663262016677
"{'Eye Openness': 'small', 'Eyebrow Width': 'high', 'Eyebrow to Eye Distance': 'medium', 'Mouth Openness': 'medium', 'Mouth Corner to Eye Distance': 'small'}",SA,0.10345514300368705
"{'Eye Openness': 'small', 'Eyebrow Width': 'high', 'Eyebrow to Eye Distance': 'medium', 'Mouth Openness': 'medium', 'Mouth Corner to Eye Distance': 'small'}",DI,0.8884021937342962
"{'Eye Openness': 'small', 'Eyebrow Width': 'high', 'Eyebrow to Eye Distance': 'medium', 'Mouth Openness': 'medium', 'Mouth Corner to Eye Distance': 'high'}",AN,0.008428132122934532
"{'Eye Openness': 'small', 'Eyebrow Width': 'high', 'Eyebrow to Eye Distance': 'medium', 'Mouth Openness': 'medium', 'Mouth Corner to Eye Distance': 'high'}",SA,0.10708211625298263
"{'Eye Openness': 'small', 'Eyebrow Width': 'high', 'Eyebrow to Eye Distance': 'medium', 'Mouth Openness': 'medium', 'Mouth Corner to Eye Distance': 'high'}",DI,0.8844897516240828
"{'Eye Openness': 'small', 'Eyebrow Width': 'high', 'Eyebrow to Eye Distance': 'medium', 'Mouth Openness': 'high', 'Mouth Corner to Eye Distance': 'small'}",AN,0.006841855943265302
"{'Eye Openness': 'small', 'Eyebrow Width': 'high', 'Eyebrow to Eye Distance': 'medium', 'Mouth Openness': 'high', 'Mouth Corner to Eye Distance': 'small'}",SA,0.08221292141699432
"{'Eye Openness': 'small', 'Eyebrow Width': 'high', 'Eyebrow to Eye Distance': 'medium', 'Mouth Openness': 'high', 'Mouth Corner to Eye Distance': 'small'}",DI,0.9109452226397404
"{'Eye Openness': 'small', 'Eyebrow Width': 'high', 'Eyebrow to Eye Distance': 'medium', 'Mouth Openness': 'high', 'Mouth Corner to Eye Distance': 'high'}",AN,0.007193314941503552
"{'Eye Openness': 'small', 'Eyebrow Width': 'high', 'Eyebrow to Eye Distance': 'medium', 'Mouth Openness': 'high', 'Mouth Corner to Eye Distance': 'high'}",SA,0.08643611337588068
"{'Eye Openness': 'small', 'Eyebrow Width': 'high', 'Eyebrow to Eye Distance': 'medium', 'Mouth Openness': 'high', 'Mouth Corner to Eye Distance': 'high'}",DI,0.9063705716826158
"{'Eye Openness': 'medium', 'Eyebrow Width': 'small', 'Eyebrow to Eye Distance': 'small', 'Mouth Openness': 'small', 'Mouth Corner to Eye Distance': 'small'}",NE,0.2989213115050709
"{'Eye Openness': 'medium', 'Eyebrow Width': 'small', 'Eyebrow to Eye Distance': 'small', 'Mouth Openness': 'small', 'Mouth Corner to Eye Distance': 'small'}",SU,0.11088048067066589
"{'Eye Openness': 'medium', 'Eyebrow Width': 'small', 'Eyebrow to Eye Distance': 'small', 'Mouth Openness': 'small', 'Mouth Corner to Eye Distance': 'small'}",FE,0.1782111070346178
"{'Eye Openness': 'medium', 'Eyebrow Width': 'small', 'Eyebrow to Eye Distance': 'small', 'Mouth Openness': 'small', 'Mouth Corner to Eye Distance': 'small'}",AN,0.12501620410889672
"{'Eye Openness': 'medium', 'Eyebrow Width': 'small', 'Eyebrow to Eye Distance': 'small', 'Mouth Openness': 'small', 'Mouth Corner to Eye Distance': 'small'}",SA,0.18834315228710238
"{'Eye Openness': 'medium', 'Eyebrow Width': 'small', 'Eyebrow to Eye Distance': 'small', 'Mouth Openness': 'small', 'Mouth Corner to Eye Distance': 'small'}",HA,0.09862774439364634
"{'Eye Openness': 'medium', 'Eyebrow Width': 'small', 'Eyebrow to Eye Distance': 'small', 'Mouth Openness': 'small', 'Mouth Corner to Eye Distance': 'high'}",NE,0.308906007756976
"{'Eye Openness': 'medium', 'Eyebrow Width': 'small', 'Eyebrow to Eye Distance': 'small', 'Mouth Openness': 'small', 'Mouth Corner to Eye Distance': 'high'}",SU,0.12023764897854518
"{'Eye Openness': 'medium', 'Eyebrow Width': 'small', 'Eyebrow to Eye Distance': 'small', 'Mouth Openness': 'small', 'Mouth Corner to Eye Distance': 'high'}",FE,0.17903857725660224
"{'Eye Openness': 'medium', 'Eyebrow Width': 'small', 'Eyebrow to Eye Distance': 'small', 'Mouth Openness': 'small', 'Mouth Corner to Eye Distance': 'high'}",AN,0.10793713767118696
"{'Eye Openness': 'medium', 'Eyebrow Width': 'small', 'Eyebrow to Eye Distance': 'small', 'Mouth Openness': 'small', 'Mouth Corner to Eye Distance': 'high'}",SA,0.17692972013156125
"{'Eye Openness': 'medium', 'Eyebrow Width': 'small', 'Eyebrow to Eye Distance': 'small', 'Mouth Openness': 'small', 'Mouth Corner to Eye Distance': 'high'}",HA,0.10695090820512863
"{'Eye Openness': 'medium', 'Eyebrow Width': 'small', 'Eyebrow to Eye Distance': 'small', 'Mouth Openness': 'medium', 'Mouth Corner to Eye Distance': 'small'}",NE,0.2447187059477482
"{'Eye Openness': 'medium', 'Eyebrow Width': 'small', 'Eyebrow to Eye Distance': 'small', 'Mouth Openness': 'medium', 'Mouth Corner to Eye Distance': 'small'}",SU,0.19872463840239227
"{'Eye Openness': 'medium', 'Eyebrow Width': 'small', 'Eyebrow to Eye Distance': 'small', 'Mouth Openness': 'medium', 'Mouth Corner to Eye Distance': 'small'}",FE,0.2176176329479128
"{'Eye Openness': 'medium', 'Eyebrow Width': 'small', 'Eyebrow to Eye Distance': 'small', 'Mouth Openness': 'medium', 'Mouth Corner to Eye Distance': 'small'}",AN,0.07470216583320013
"{'Eye Openness': 'medium', 'Eyebrow Width': 'small', 'Eyebrow to Eye Distance': 'small', 'Mouth Openness': 'medium', 'Mouth Corner to Eye Distance': 'small'}",SA,0.139879553593481
"{'Eye Openness': 'medium', 'Eyebrow Width': 'small', 'Eyebrow to Eye Distance': 'small', 'Mouth Openness': 'medium', 'Mouth Corner to Eye Distance': 'small'}",HA,0.11031741025878271
"{'Eye Openness': 'medium', 'Eyebrow Width': 'small', 'Eyebrow to Eye Distance': 'small', 'Mouth Openness': 'medium', 'Mouth Corner to Eye Distance': 'small'}",DI,0.014039893016482547
"{'Eye Openness': 'medium', 'Eyebrow Width': 'small', 'Eyebrow to Eye Distance': 'small', 'Mouth Openness': 'medium', 'Mouth Corner to Eye Distance': 'medium'}",HA,1.0
"{'Eye Openness': 'medium', 'Eyebrow Width': 'small', 'Eyebrow to Eye Distance': 'small', 'Mouth Openness': 'medium', 'Mouth Corner to Eye Distance': 'high'}",NE,0.24254790650463057
"{'Eye Openness': 'medium', 'Eyebrow Width': 'small', 'Eyebrow to Eye Distance': 'small', 'Mouth Openness': 'medium', 'Mouth Corner to Eye Distance': 'high'}",SU,0.20054319225002734
"{'Eye Openness': 'medium', 'Eyebrow Width': 'small', 'Eyebrow to Eye Distance': 'small', 'Mouth Openness': 'medium', 'Mouth Corner to Eye Distance': 'high'}",FE,0.19526492686514288
"{'Eye Openness': 'medium', 'Eyebrow Width': 'small', 'Eyebrow to Eye Distance': 'small', 'Mouth Openness': 'medium', 'Mouth Corner to Eye Distance': 'high'}",AN,0.06371507928358848
"{'Eye Openness': 'medium', 'Eyebrow Width': 'small', 'Eyebrow to Eye Distance': 'small', 'Mouth Openness': 'medium', 'Mouth Corner to Eye Distance': 'high'}",SA,0.13028277799661195
"{'Eye Openness': 'medium', 'Eyebrow Width': 'small', 'Eyebrow to Eye Distance': 'small', 'Mouth Openness': 'medium', 'Mouth Corner to Eye Distance': 'high'}",HA,0.15333785498583158
"{'Eye Openness': 'medium', 'Eyebrow Width': 'small', 'Eyebrow to Eye Distance': 'small', 'Mouth Openness': 'medium', 'Mouth Corner to Eye Distance': 'high'}",DI,0.014308262114166807
"{'Eye Openness': 'medium', 'Eyebrow Width': 'small', 'Eyebrow to Eye Distance': 'small', 'Mouth Openness': 'high', 'Mouth Corner to Eye Distance': 'small'}",NE,0.21230638530824494
"{'Eye Openness': 'medium', 'Eyebrow Width': 'small', 'Eyebrow to Eye Distance': 'small', 'Mouth Openness': 'high', 'Mouth Corner to Eye Distance': 'small'}",SU,0.2730681486236412
"{'Eye Openness': 'medium', 'Eyebrow Width': 'small', 'Eyebrow to Eye Distance': 'small', 'Mouth Openness': 'high', 'Mouth Corner to Eye Distance': 'small'}",FE,0.21244749078835298
"{'Eye Openness': 'medium', 'Eyebrow Width': 'small', 'Eyebrow to Eye Distance': 'small', 'Mouth Openness': 'high', 'Mouth Corner to Eye Distance': 'small'}",AN,0.05782686604578042
"{'Eye Openness': 'medium', 'Eyebrow Width': 'small', 'Eyebrow to Eye Distance': 'small', 'Mouth Openness': 'high', 'Mouth Corner to Eye Distance': 'small'}",SA,0.13108230515237107
"{'Eye Openness': 'medium', 'Eyebrow Width': 'small', 'Eyebrow to Eye Distance': 'small', 'Mouth Openness': 'high', 'Mouth Corner to Eye Distance': 'small'}",HA,0.10315018898606673
"{'Eye Openness': 'medium', 'Eyebrow Width': 'small', 'Eyebrow to Eye Distance': 'small', 'Mouth Openness': 'high', 'Mouth Corner to Eye Distance': 'small'}",DI,0.0101186150955429
"{'Eye Openness': 'medium', 'Eyebrow Width': 'small', 'Eyebrow to Eye Distance': 'small', 'Mouth Openness': 'high', 'Mouth Corner to Eye Distance': 'medium'}",HA,1.0
"{'Eye Openness': 'medium', 'Eyebrow Width': 'small', 'Eyebrow to Eye Distance': 'small', 'Mouth Openness': 'high', 'Mouth Corner to Eye Distance': 'high'}",NE,0.20886970239781563
"{'Eye Openness': 'medium', 'Eyebrow Width': 'small', 'Eyebrow to Eye Distance': 'small', 'Mouth Openness': 'high', 'Mouth Corner to Eye Distance': 'high'}",SU,0.26073171293050174
"{'Eye Openness': 'medium', 'Eyebrow Width': 'small', 'Eyebrow to Eye Distance': 'small', 'Mouth Openness': 'high', 'Mouth Corner to Eye Distance': 'high'}",FE,0.18744018567352208
"{'Eye Openness': 'medium', 'Eyebrow Width': 'small', 'Eyebrow to Eye Distance': 'small', 'Mouth Openness': 'high', 'Mouth Corner to Eye Distance': 'high'}",AN,0.05608638421089346
"{'Eye Openness': 'medium', 'Eyebrow Width': 'small', 'Eyebrow to Eye Distance': 'small', 'Mouth Openness': 'high', 'Mouth Corner to Eye Distance': 'high'}",SA,0.12654365134509526
"{'Eye Openness': 'medium', 'Eyebrow Width': 'small', 'Eyebrow to Eye Distance': 'small', 'Mouth Openness': 'high', 'Mouth Corner to Eye Distance': 'high'}",HA,0.1500154424768229
"{'Eye Openness': 'medium', 'Eyebrow Width': 'small', 'Eyebrow to Eye Distance': 'small', 'Mouth Openness': 'high', 'Mouth Corner to Eye Distance': 'high'}",DI,0.010312920965348943
"{'Eye Openness': 'medium', 'Eyebrow Width': 'small', 'Eyebrow to Eye Distance': 'medium', 'Mouth Openness': 'small', 'Mouth Corner to Eye Distance': 'small'}",NE,0.19967629397880535
"{'Eye Openness': 'medium', 'Eyebrow Width': 'small', 'Eyebrow to Eye Distance': 'medium', 'Mouth Openness': 'small', 'Mouth Corner to Eye Distance': 'small'}",SU,0.04224182592582187
"{'Eye Openness': 'medium', 'Eyebrow Width': 'small', 'Eyebrow to Eye Distance': 'medium', 'Mouth Openness': 'small', 'Mouth Corner to Eye Distance': 'small'}",FE,0.1105905703620303
"{'Eye Openness': 'medium', 'Eyebrow Width': 'small', 'Eyebrow to Eye Distance': 'medium', 'Mouth Openness': 'small', 'Mouth Corner to Eye Distance': 'small'}",AN,0.15914727543980556
"{'Eye Openness': 'medium', 'Eyebrow Width': 'small', 'Eyebrow to Eye Distance': 'medium', 'Mouth Openness': 'small', 'Mouth Corner to Eye Distance': 'small'}",SA,0.24899765665072904
"{'Eye Openness': 'medium', 'Eyebrow Width': 'small', 'Eyebrow to Eye Distance': 'medium', 'Mouth Openness': 'small', 'Mouth Corner to Eye Distance': 'small'}",HA,0.04984135216269883
"{'Eye Openness': 'medium', 'Eyebrow Width': 'small', 'Eyebrow to Eye Distance': 'medium', 'Mouth Openness': 'small', 'Mouth Corner to Eye Distance': 'small'}",DI,0.18950502548010908
"{'Eye Openness': 'medium', 'Eyebrow Width': 'small', 'Eyebrow to Eye Distance': 'medium', 'Mouth Openness': 'small', 'Mouth Corner to Eye Distance': 'high'}",NE,0.2145010889569581
"{'Eye Openness': 'medium', 'Eyebrow Width': 'small', 'Eyebrow to Eye Distance': 'medium', 'Mouth Openness': 'small', 'Mouth Corner to Eye Distance': 'high'}",SU,0.04537803401730216
"{'Eye Openness': 'medium', 'Eyebrow Width': 'small', 'Eyebrow to Eye Distance': 'medium', 'Mouth Openness': 'small', 'Mouth Corner to Eye Distance': 'high'}",FE,0.11880127229096381
"{'Eye Openness': 'medium', 'Eyebrow Width': 'small', 'Eyebrow to Eye Distance': 'medium', 'Mouth Openness': 'small', 'Mouth Corner to Eye Distance': 'high'}",AN,0.1489426486940528
"{'Eye Openness': 'medium', 'Eyebrow Width': 'small', 'Eyebrow to Eye Distance': 'medium', 'Mouth Openness': 'small', 'Mouth Corner to Eye Distance': 'high'}",SA,0.24955240363662876
"{'Eye Openness': 'medium', 'Eyebrow Width': 'small', 'Eyebrow to Eye Distance': 'medium', 'Mouth Openness': 'small', 'Mouth Corner to Eye Distance': 'high'}",HA,0.05354178055368424
"{'Eye Openness': 'medium', 'Eyebrow Width': 'small', 'Eyebrow to Eye Distance': 'medium', 'Mouth Openness': 'small', 'Mouth Corner to Eye Distance': 'high'}",DI,0.16928277185041016
"{'Eye Openness': 'medium', 'Eyebrow Width': 'small', 'Eyebrow to Eye Distance': 'medium', 'Mouth Openness': 'medium', 'Mouth Corner to Eye Distance': 'small'}",NE,0.20311213260344418
"{'Eye Openness': 'medium', 'Eyebrow Width': 'small', 'Eyebrow to Eye Distance': 'medium', 'Mouth Openness': 'medium', 'Mouth Corner to Eye Distance': 'small'}",SU,0.15070071990695413
"{'Eye Openness': 'medium', 'Eyebrow Width': 'small', 'Eyebrow to Eye Distance': 'medium', 'Mouth Openness': 'medium', 'Mouth Corner to Eye Distance': 'small'}",FE,0.18406215922450148
"{'Eye Openness': 'medium', 'Eyebrow Width': 'small', 'Eyebrow to Eye Distance': 'medium', 'Mouth Openness': 'medium', 'Mouth Corner to Eye Distance': 'small'}",AN,0.10600033551857649
"{'Eye Openness': 'medium', 'Eyebrow Width': 'small', 'Eyebrow to Eye Distance': 'medium', 'Mouth Openness': 'medium', 'Mouth Corner to Eye Distance': 'small'}",SA,0.19360397344211483
"{'Eye Openness': 'medium', 'Eyebrow Width': 'small', 'Eyebrow to Eye Distance': 'medium', 'Mouth Openness': 'medium', 'Mouth Corner to Eye Distance': 'small'}",HA,0.05217566041627858
"{'Eye Openness': 'medium', 'Eyebrow Width': 'small', 'Eyebrow to Eye Distance': 'medium', 'Mouth Openness': 'medium', 'Mouth Corner to Eye Distance': 'small'}",DI,0.11034501888813043
"{'Eye Openness': 'medium', 'Eyebrow Width': 'small', 'Eyebrow to Eye Distance': 'medium', 'Mouth Openness': 'medium', 'Mouth Corner to Eye Distance': 'medium'}",HA,1.0
"{'Eye Openness': 'medium', 'Eyebrow Width': 'small', 'Eyebrow to Eye Distance': 'medium', 'Mouth Openness': 'medium', 'Mouth Corner to Eye Distance': 'high'}",NE,0.20029807094268434
"{'Eye Openness': 'medium', 'Eyebrow Width': 'small', 'Eyebrow to Eye Distance': 'medium', 'Mouth Openness': 'medium', 'Mouth Corner to Eye Distance': 'high'}",SU,0.14586682580592727
"{'Eye Openness': 'medium', 'Eyebrow Width': 'small', 'Eyebrow to Eye Distance': 'medium', 'Mouth Openness': 'medium', 'Mouth Corner to Eye Distance': 'high'}",FE,0.17194104700756574
"{'Eye Openness': 'medium', 'Eyebrow Width': 'small', 'Eyebrow to Eye Distance': 'medium', 'Mouth Openness': 'medium', 'Mouth Corner to Eye Distance': 'high'}",AN,0.09458721420819517
"{'Eye Openness': 'medium', 'Eyebrow Width': 'small', 'Eyebrow to Eye Distance': 'medium', 'Mouth Openness': 'medium', 'Mouth Corner to Eye Distance': 'high'}",SA,0.18282352007710997
"{'Eye Openness': 'medium', 'Eyebrow Width': 'small', 'Eyebrow to Eye Distance': 'medium', 'Mouth Openness': 'medium', 'Mouth Corner to Eye Distance': 'high'}",HA,0.1081910201317184
"{'Eye Openness': 'medium', 'Eyebrow Width': 'small', 'Eyebrow to Eye Distance': 'medium', 'Mouth Openness': 'medium', 'Mouth Corner to Eye Distance': 'high'}",DI,0.09629230182679921
"{'Eye Openness': 'medium', 'Eyebrow Width': 'small', 'Eyebrow to Eye Distance': 'medium', 'Mouth Openness': 'high', 'Mouth Corner to Eye Distance': 'small'}",NE,0.17101283693313707
"{'Eye Openness': 'medium', 'Eyebrow Width': 'small', 'Eyebrow to Eye Distance': 'medium', 'Mouth Openness': 'high', 'Mouth Corner to Eye Distance': 'small'}",SU,0.21627345489399646
"{'Eye Openness': 'medium', 'Eyebrow Width': 'small', 'Eyebrow to Eye Distance': 'medium', 'Mouth Openness': 'high', 'Mouth Corner to Eye Distance': 'small'}",FE,0.19200318662501353
"{'Eye Openness': 'medium', 'Eyebrow Width': 'small', 'Eyebrow to Eye Distance': 'medium', 'Mouth Openness': 'high', 'Mouth Corner to Eye Distance': 'small'}",AN,0.09006523643088232
"{'Eye Openness': 'medium', 'Eyebrow Width': 'small', 'Eyebrow to Eye Distance': 'medium', 'Mouth Openness': 'high', 'Mouth Corner to Eye Distance': 'small'}",SA,0.1780532209881434
"{'Eye Openness': 'medium', 'Eyebrow Width': 'small', 'Eyebrow to Eye Distance': 'medium', 'Mouth Openness': 'high', 'Mouth Corner to Eye Distance': 'small'}",HA,0.05861616141005716
"{'Eye Openness': 'medium', 'Eyebrow Width': 'small', 'Eyebrow to Eye Distance': 'medium', 'Mouth Openness': 'high', 'Mouth Corner to Eye Distance': 'small'}",DI,0.0939759027187701
"{'Eye Openness': 'medium', 'Eyebrow Width': 'small', 'Eyebrow to Eye Distance': 'medium', 'Mouth Openness': 'high', 'Mouth Corner to Eye Distance': 'medium'}",HA,1.0
"{'Eye Openness': 'medium', 'Eyebrow Width': 'small', 'Eyebrow to Eye Distance': 'medium', 'Mouth Openness': 'high', 'Mouth Corner to Eye Distance': 'high'}",NE,0.16704285146158038
"{'Eye Openness': 'medium', 'Eyebrow Width': 'small', 'Eyebrow to Eye Distance': 'medium', 'Mouth Openness': 'high', 'Mouth Corner to Eye Distance': 'high'}",SU,0.19547764920984456
"{'Eye Openness': 'medium', 'Eyebrow Width': 'small', 'Eyebrow to Eye Distance': 'medium', 'Mouth Openness': 'high', 'Mouth Corner to Eye Distance': 'high'}",FE,0.17689556114885285
"{'Eye Openness': 'medium', 'Eyebrow Width': 'small', 'Eyebrow to Eye Distance': 'medium', 'Mouth Openness': 'high', 'Mouth Corner to Eye Distance': 'high'}",AN,0.08396415367675487
"{'Eye Openness': 'medium', 'Eyebrow Width': 'small', 'Eyebrow to Eye Distance': 'medium', 'Mouth Openness': 'high', 'Mouth Corner to Eye Distance': 'high'}",SA,0.17391979619288567
"{'Eye Openness': 'medium', 'Eyebrow Width': 'small', 'Eyebrow to Eye Distance': 'medium', 'Mouth Openness': 'high', 'Mouth Corner to Eye Distance': 'high'}",HA,0.1203923573129268
"{'Eye Openness': 'medium', 'Eyebrow Width': 'small', 'Eyebrow to Eye Distance': 'medium', 'Mouth Openness': 'high', 'Mouth Corner to Eye Distance': 'high'}",DI,0.08230763099715493
"{'Eye Openness': 'medium', 'Eyebrow Width': 'small', 'Eyebrow to Eye Distance': 'high', 'Mouth Openness': 'small', 'Mouth Corner to Eye Distance': 'small'}",NE,0.29415693681614374
"{'Eye Openness': 'medium', 'Eyebrow Width': 'small', 'Eyebrow to Eye Distance': 'high', 'Mouth Openness': 'small', 'Mouth Corner to Eye Distance': 'small'}",SU,0.021055486736037982
"{'Eye Openness': 'medium', 'Eyebrow Width': 'small', 'Eyebrow to Eye Distance': 'high', 'Mouth Openness': 'small', 'Mouth Corner to Eye Distance': 'small'}",FE,0.2987985280328589
"{'Eye Openness': 'medium', 'Eyebrow Width': 'small', 'Eyebrow to Eye Distance': 'high', 'Mouth Openness': 'small', 'Mouth Corner to Eye Distance': 'small'}",SA,0.15261799846175295
"{'Eye Openness': 'medium', 'Eyebrow Width': 'small', 'Eyebrow to Eye Distance': 'high', 'Mouth Openness': 'small', 'Mouth Corner to Eye Distance': 'small'}",HA,0.2333710499532067
"{'Eye Openness': 'medium', 'Eyebrow Width': 'small', 'Eyebrow to Eye Distance': 'high', 'Mouth Openness': 'small', 'Mouth Corner to Eye Distance': 'high'}",NE,0.2664365995692052
"{'Eye Openness': 'medium', 'Eyebrow Width': 'small', 'Eyebrow to Eye Distance': 'high', 'Mouth Openness': 'small', 'Mouth Corner to Eye Distance': 'high'}",SU,0.023823367474045627
"{'Eye Openness': 'medium', 'Eyebrow Width': 'small', 'Eyebrow to Eye Distance': 'high', 'Mouth Openness': 'small', 'Mouth Corner to Eye Distance': 'high'}",FE,0.3208484354843835
"{'Eye Openness': 'medium', 'Eyebrow Width': 'small', 'Eyebrow to Eye Distance': 'high', 'Mouth Openness': 'small', 'Mouth Corner to Eye Distance': 'high'}",SA,0.12484240447397725
"{'Eye Openness': 'medium', 'Eyebrow Width': 'small', 'Eyebrow to Eye Distance': 'high', 'Mouth Openness': 'small', 'Mouth Corner to Eye Distance': 'high'}",HA,0.26404919299838847
"{'Eye Openness': 'medium', 'Eyebrow Width': 'small', 'Eyebrow to Eye Distance': 'high', 'Mouth Openness': 'medium', 'Mouth Corner to Eye Distance': 'small'}",NE,0.24903884361978124
"{'Eye Openness': 'medium', 'Eyebrow Width': 'small', 'Eyebrow to Eye Distance': 'high', 'Mouth Openness': 'medium', 'Mouth Corner to Eye Distance': 'small'}",SU,0.0963581272269858
"{'Eye Openness': 'medium', 'Eyebrow Width': 'small', 'Eyebrow to Eye Distance': 'high', 'Mouth Openness': 'medium', 'Mouth Corner to Eye Distance': 'small'}",FE,0.2812548062407737
"{'Eye Openness': 'medium', 'Eyebrow Width': 'small', 'Eyebrow to Eye Distance': 'high', 'Mouth Openness': 'medium', 'Mouth Corner to Eye Distance': 'small'}",AN,0.008939576334962278
"{'Eye Openness': 'medium', 'Eyebrow Width': 'small', 'Eyebrow to Eye Distance': 'high', 'Mouth Openness': 'medium', 'Mouth Corner to Eye Distance': 'small'}",SA,0.09847647972759971
"{'Eye Openness': 'medium', 'Eyebrow Width': 'small', 'Eyebrow to Eye Distance': 'high', 'Mouth Openness': 'medium', 'Mouth Corner to Eye Distance': 'small'}",HA,0.2659321668498977
"{'Eye Openness': 'medium', 'Eyebrow Width': 'small', 'Eyebrow to Eye Distance': 'high', 'Mouth Openness': 'medium', 'Mouth Corner to Eye Distance': 'high'}",NE,0.23427243264411837
"{'Eye Openness': 'medium', 'Eyebrow Width': 'small', 'Eyebrow to Eye Distance': 'high', 'Mouth Openness': 'medium', 'Mouth Corner to Eye Distance': 'high'}",SU,0.10680895947204348
"{'Eye Openness': 'medium', 'Eyebrow Width': 'small', 'Eyebrow to Eye Distance': 'high', 'Mouth Openness': 'medium', 'Mouth Corner to Eye Distance': 'high'}",FE,0.27518085794385916
"{'Eye Openness': 'medium', 'Eyebrow Width': 'small', 'Eyebrow to Eye Distance': 'high', 'Mouth Openness': 'medium', 'Mouth Corner to Eye Distance': 'high'}",AN,0.009909146990881102
"{'Eye Openness': 'medium', 'Eyebrow Width': 'small', 'Eyebrow to Eye Distance': 'high', 'Mouth Openness': 'medium', 'Mouth Corner to Eye Distance': 'high'}",SA,0.07905390309971495
"{'Eye Openness': 'medium', 'Eyebrow Width': 'small', 'Eyebrow to Eye Distance': 'high', 'Mouth Openness': 'medium', 'Mouth Corner to Eye Distance': 'high'}",HA,0.29477469984938326
"{'Eye Openness': 'medium', 'Eyebrow Width': 'small', 'Eyebrow to Eye Distance': 'high', 'Mouth Openness': 'high', 'Mouth Corner to Eye Distance': 'small'}",NE,0.23646489791327557
"{'Eye Openness': 'medium', 'Eyebrow Width': 'small', 'Eyebrow to Eye Distance': 'high', 'Mouth Openness': 'high', 'Mouth Corner to Eye Distance': 'small'}",SU,0.19770818368721754
"{'Eye Openness': 'medium', 'Eyebrow Width': 'small', 'Eyebrow to Eye Distance': 'high', 'Mouth Openness': 'high', 'Mouth Corner to Eye Distance': 'small'}",FE,0.23800221842110275
"{'Eye Openness': 'medium', 'Eyebrow Width': 'small', 'Eyebrow to Eye Distance': 'high', 'Mouth Openness': 'high', 'Mouth Corner to Eye Distance': 'small'}",AN,0.00978142048216083
"{'Eye Openness': 'medium', 'Eyebrow Width': 'small', 'Eyebrow to Eye Distance': 'high', 'Mouth Openness': 'high', 'Mouth Corner to Eye Distance': 'small'}",SA,0.10726211297811498
"{'Eye Openness': 'medium', 'Eyebrow Width': 'small', 'Eyebrow to Eye Distance': 'high', 'Mouth Openness': 'high', 'Mouth Corner to Eye Distance': 'small'}",HA,0.2107811665181286
"{'Eye Openness': 'medium', 'Eyebrow Width': 'small', 'Eyebrow to Eye Distance': 'high', 'Mouth Openness': 'high', 'Mouth Corner to Eye Distance': 'high'}",NE,0.22159816183384087
"{'Eye Openness': 'medium', 'Eyebrow Width': 'small', 'Eyebrow to Eye Distance': 'high', 'Mouth Openness': 'high', 'Mouth Corner to Eye Distance': 'high'}",SU,0.20579868869523743
"{'Eye Openness': 'medium', 'Eyebrow Width': 'small', 'Eyebrow to Eye Distance': 'high', 'Mouth Openness': 'high', 'Mouth Corner to Eye Distance': 'high'}",FE,0.23422452465776372
"{'Eye Openness': 'medium', 'Eyebrow Width': 'small', 'Eyebrow to Eye Distance': 'high', 'Mouth Openness': 'high', 'Mouth Corner to Eye Distance': 'high'}",AN,0.011102708690303954
"{'Eye Openness': 'medium', 'Eyebrow Width': 'small', 'Eyebrow to Eye Distance': 'high', 'Mouth Openness': 'high', 'Mouth Corner to Eye Distance': 'high'}",SA,0.08802212946463635
"{'Eye Openness': 'medium', 'Eyebrow Width': 'small', 'Eyebrow to Eye Distance': 'high', 'Mouth Openness': 'high', 'Mouth Corner to Eye Distance': 'high'}",HA,0.23925378665821803
"{'Eye Openness': 'medium', 'Eyebrow Width': 'medium', 'Eyebrow to Eye Distance': 'small', 'Mouth Openness': 'small', 'Mouth Corner to Eye Distance': 'small'}",NE,0.23861051998507862
"{'Eye Openness': 'medium', 'Eyebrow Width': 'medium', 'Eyebrow to Eye Distance': 'small', 'Mouth Openness': 'small', 'Mouth Corner to Eye Distance': 'small'}",SU,0.06430638340255428
"{'Eye Openness': 'medium', 'Eyebrow Width': 'medium', 'Eyebrow to Eye Distance': 'small', 'Mouth Openness': 'small', 'Mouth Corner to Eye Distance': 'small'}",FE,0.2187224126257807
"{'Eye Openness': 'medium', 'Eyebrow Width': 'medium', 'Eyebrow to Eye Distance': 'small', 'Mouth Openness': 'small', 'Mouth Corner to Eye Distance': 'small'}",AN,0.1917453197179567
"{'Eye Openness': 'medium', 'Eyebrow Width': 'medium', 'Eyebrow to Eye Distance': 'small', 'Mouth Openness': 'small', 'Mouth Corner to Eye Distance': 'small'}",SA,0.19862337327274973
"{'Eye Openness': 'medium', 'Eyebrow Width': 'medium', 'Eyebrow to Eye Distance': 'small', 'Mouth Openness': 'small', 'Mouth Corner to Eye Distance': 'small'}",HA,0.08799199099588008
"{'Eye Openness': 'medium', 'Eyebrow Width': 'medium', 'Eyebrow to Eye Distance': 'small', 'Mouth Openness': 'small', 'Mouth Corner to Eye Distance': 'high'}",NE,0.24143350065481972
"{'Eye Openness': 'medium', 'Eyebrow Width': 'medium', 'Eyebrow to Eye Distance': 'small', 'Mouth Openness': 'small', 'Mouth Corner to Eye Distance': 'high'}",SU,0.07152948704099152
"{'Eye Openness': 'medium', 'Eyebrow Width': 'medium', 'Eyebrow to Eye Distance': 'small', 'Mouth Openness': 'small', 'Mouth Corner to Eye Distance': 'high'}",FE,0.22093113262550224
"{'Eye Openness': 'medium', 'Eyebrow Width': 'medium', 'Eyebrow to Eye Distance': 'small', 'Mouth Openness': 'small', 'Mouth Corner to Eye Distance': 'high'}",AN,0.16981459363085857
"{'Eye Openness': 'medium', 'Eyebrow Width': 'medium', 'Eyebrow to Eye Distance': 'small', 'Mouth Openness': 'small', 'Mouth Corner to Eye Distance': 'high'}",SA,0.19841574637938433
"{'Eye Openness': 'medium', 'Eyebrow Width': 'medium', 'Eyebrow to Eye Distance': 'small', 'Mouth Openness': 'small', 'Mouth Corner to Eye Distance': 'high'}",HA,0.09787553966844363
"{'Eye Openness': 'medium', 'Eyebrow Width': 'medium', 'Eyebrow to Eye Distance': 'small', 'Mouth Openness': 'medium', 'Mouth Corner to Eye Distance': 'small'}",NE,0.15758631421645758
"{'Eye Openness': 'medium', 'Eyebrow Width': 'medium', 'Eyebrow to Eye Distance': 'small', 'Mouth Openness': 'medium', 'Mouth Corner to Eye Distance': 'small'}",SU,0.13030655567677651
"{'Eye Openness': 'medium', 'Eyebrow Width': 'medium', 'Eyebrow to Eye Distance': 'small', 'Mouth Openness': 'medium', 'Mouth Corner to Eye Distance': 'small'}",FE,0.31238627084063486
"{'Eye Openness': 'medium', 'Eyebrow Width': 'medium', 'Eyebrow to Eye Distance': 'small', 'Mouth Openness': 'medium', 'Mouth Corner to Eye Distance': 'small'}",AN,0.12100584610557241
"{'Eye Openness': 'medium', 'Eyebrow Width': 'medium', 'Eyebrow to Eye Distance': 'small', 'Mouth Openness': 'medium', 'Mouth Corner to Eye Distance': 'small'}",SA,0.15898803845479775
"{'Eye Openness': 'medium', 'Eyebrow Width': 'medium', 'Eyebrow to Eye Distance': 'small', 'Mouth Openness': 'medium', 'Mouth Corner to Eye Distance': 'small'}",HA,0.09698453993506577
"{'Eye Openness': 'medium', 'Eyebrow Width': 'medium', 'Eyebrow to Eye Distance': 'small', 'Mouth Openness': 'medium', 'Mouth Corner to Eye Distance': 'small'}",DI,0.02274243477069491
"{'Eye Openness': 'medium', 'Eyebrow Width': 'medium', 'Eyebrow to Eye Distance': 'small', 'Mouth Openness': 'medium', 'Mouth Corner to Eye Distance': 'medium'}",HA,1.0
"{'Eye Openness': 'medium', 'Eyebrow Width': 'medium', 'Eyebrow to Eye Distance': 'small', 'Mouth Openness': 'medium', 'Mouth Corner to Eye Distance': 'high'}",NE,0.15335323978923612
"{'Eye Openness': 'medium', 'Eyebrow Width': 'medium', 'Eyebrow to Eye Distance': 'small', 'Mouth Openness': 'medium', 'Mouth Corner to Eye Distance': 'high'}",SU,0.13621554122361088
"{'Eye Openness': 'medium', 'Eyebrow Width': 'medium', 'Eyebrow to Eye Distance': 'small', 'Mouth Openness': 'medium', 'Mouth Corner to Eye Distance': 'high'}",FE,0.28250058758677377
"{'Eye Openness': 'medium', 'Eyebrow Width': 'medium', 'Eyebrow to Eye Distance': 'small', 'Mouth Openness': 'medium', 'Mouth Corner to Eye Distance': 'high'}",AN,0.10586507097887769
"{'Eye Openness': 'medium', 'Eyebrow Width': 'medium', 'Eyebrow to Eye Distance': 'small', 'Mouth Openness': 'medium', 'Mouth Corner to Eye Distance': 'high'}",SA,0.15551179408246293
"{'Eye Openness': 'medium', 'Eyebrow Width': 'medium', 'Eyebrow to Eye Distance': 'small', 'Mouth Openness': 'medium', 'Mouth Corner to Eye Distance': 'high'}",HA,0.1427800348875138
"{'Eye Openness': 'medium', 'Eyebrow Width': 'medium', 'Eyebrow to Eye Distance': 'small', 'Mouth Openness': 'medium', 'Mouth Corner to Eye Distance': 'high'}",DI,0.023773731451524987
"{'Eye Openness': 'medium', 'Eyebrow Width': 'medium', 'Eyebrow to Eye Distance': 'small', 'Mouth Openness': 'high', 'Mouth Corner to Eye Distance': 'small'}",NE,0.14611730642228984
"{'Eye Openness': 'medium', 'Eyebrow Width': 'medium', 'Eyebrow to Eye Distance': 'small', 'Mouth Openness': 'high', 'Mouth Corner to Eye Distance': 'small'}",SU,0.1986971567276506
"{'Eye Openness': 'medium', 'Eyebrow Width': 'medium', 'Eyebrow to Eye Distance': 'small', 'Mouth Openness': 'high', 'Mouth Corner to Eye Distance': 'small'}",FE,0.3014582424790058
"{'Eye Openness': 'medium', 'Eyebrow Width': 'medium', 'Eyebrow to Eye Distance': 'small', 'Mouth Openness': 'high', 'Mouth Corner to Eye Distance': 'small'}",AN,0.09408836919981613
"{'Eye Openness': 'medium', 'Eyebrow Width': 'medium', 'Eyebrow to Eye Distance': 'small', 'Mouth Openness': 'high', 'Mouth Corner to Eye Distance': 'small'}",SA,0.1653818843608187
"{'Eye Openness': 'medium', 'Eyebrow Width': 'medium', 'Eyebrow to Eye Distance': 'small', 'Mouth Openness': 'high', 'Mouth Corner to Eye Distance': 'small'}",HA,0.07779334395113294
"{'Eye Openness': 'medium', 'Eyebrow Width': 'medium', 'Eyebrow to Eye Distance': 'small', 'Mouth Openness': 'high', 'Mouth Corner to Eye Distance': 'small'}",DI,0.0164636968592861
"{'Eye Openness': 'medium', 'Eyebrow Width': 'medium', 'Eyebrow to Eye Distance': 'small', 'Mouth Openness': 'high', 'Mouth Corner to Eye Distance': 'medium'}",HA,1.0
"{'Eye Openness': 'medium', 'Eyebrow Width': 'medium', 'Eyebrow to Eye Distance': 'small', 'Mouth Openness': 'high', 'Mouth Corner to Eye Distance': 'high'}",NE,0.13968456178395003
"{'Eye Openness': 'medium', 'Eyebrow Width': 'medium', 'Eyebrow to Eye Distance': 'small', 'Mouth Openness': 'high', 'Mouth Corner to Eye Distance': 'high'}",SU,0.19734410738263433
"{'Eye Openness': 'medium', 'Eyebrow Width': 'medium', 'Eyebrow to Eye Distance': 'small', 'Mouth Openness': 'high', 'Mouth Corner to Eye Distance': 'high'}",FE,0.2655992386164264
"{'Eye Openness': 'medium', 'Eyebrow Width': 'medium', 'Eyebrow to Eye Distance': 'small', 'Mouth Openness': 'high', 'Mouth Corner to Eye Distance': 'high'}",AN,0.09325019217104362
"{'Eye Openness': 'medium', 'Eyebrow Width': 'medium', 'Eyebrow to Eye Distance': 'small', 'Mouth Openness': 'high', 'Mouth Corner to Eye Distance': 'high'}",SA,0.16050911467423662
"{'Eye Openness': 'medium', 'Eyebrow Width': 'medium', 'Eyebrow to Eye Distance': 'small', 'Mouth Openness': 'high', 'Mouth Corner to Eye Distance': 'high'}",HA,0.12646634465541143
"{'Eye Openness': 'medium', 'Eyebrow Width': 'medium', 'Eyebrow to Eye Distance': 'small', 'Mouth Openness': 'high', 'Mouth Corner to Eye Distance': 'high'}",DI,0.017146440716297583
"{'Eye Openness': 'medium', 'Eyebrow Width': 'medium', 'Eyebrow to Eye Distance': 'medium', 'Mouth Openness': 'small', 'Mouth Corner to Eye Distance': 'small'}",FE,0.12595783046285405
"{'Eye Openness': 'medium', 'Eyebrow Width': 'medium', 'Eyebrow to Eye Distance': 'medium', 'Mouth Openness': 'small', 'Mouth Corner to Eye Distance': 'small'}",AN,0.391424930293227
"{'Eye Openness': 'medium', 'Eyebrow Width': 'medium', 'Eyebrow to Eye Distance': 'medium', 'Mouth Openness': 'small', 'Mouth Corner to Eye Distance': 'small'}",SA,0.25428570365182307
"{'Eye Openness': 'medium', 'Eyebrow Width': 'medium', 'Eyebrow to Eye Distance': 'medium', 'Mouth Openness': 'small', 'Mouth Corner to Eye Distance': 'small'}",DI,0.22833153559209593
"{'Eye Openness': 'medium', 'Eyebrow Width': 'medium', 'Eyebrow to Eye Distance': 'medium', 'Mouth Openness': 'small', 'Mouth Corner to Eye Distance': 'high'}",FE,0.13264531833908952
"{'Eye Openness': 'medium', 'Eyebrow Width': 'medium', 'Eyebrow to Eye Distance': 'medium', 'Mouth Openness': 'small', 'Mouth Corner to Eye Distance': 'high'}",AN,0.35911381167926015
"{'Eye Openness': 'medium', 'Eyebrow Width': 'medium', 'Eyebrow to Eye Distance': 'medium', 'Mouth Openness': 'small', 'Mouth Corner to Eye Distance': 'high'}",SA,0.2677865122480228
"{'Eye Openness': 'medium', 'Eyebrow Width': 'medium', 'Eyebrow to Eye Distance': 'medium', 'Mouth Openness': 'small', 'Mouth Corner to Eye Distance': 'high'}",DI,0.24045435773362747
"{'Eye Openness': 'medium', 'Eyebrow Width': 'medium', 'Eyebrow to Eye Distance': 'medium', 'Mouth Openness': 'medium', 'Mouth Corner to Eye Distance': 'small'}",NE,0.03255078955528842
"{'Eye Openness': 'medium', 'Eyebrow Width': 'medium', 'Eyebrow to Eye Distance': 'medium', 'Mouth Openness': 'medium', 'Mouth Corner to Eye Distance': 'small'}",SU,0.1364189175591643
"{'Eye Openness': 'medium', 'Eyebrow Width': 'medium', 'Eyebrow to Eye Distance': 'medium', 'Mouth Openness': 'medium', 'Mouth Corner to Eye Distance': 'small'}",FE,0.2763317354370176
"{'Eye Openness': 'medium', 'Eyebrow Width': 'medium', 'Eyebrow to Eye Distance': 'medium', 'Mouth Openness': 'medium', 'Mouth Corner to Eye Distance': 'small'}",AN,0.18312641205313243
"{'Eye Openness': 'medium', 'Eyebrow Width': 'medium', 'Eyebrow to Eye Distance': 'medium', 'Mouth Openness': 'medium', 'Mouth Corner to Eye Distance': 'small'}",SA,0.2262973748935768
"{'Eye Openness': 'medium', 'Eyebrow Width': 'medium', 'Eyebrow to Eye Distance': 'medium', 'Mouth Openness': 'medium', 'Mouth Corner to Eye Distance': 'small'}",DI,0.14527477050182055
"{'Eye Openness': 'medium', 'Eyebrow Width': 'medium', 'Eyebrow to Eye Distance': 'medium', 'Mouth Openness': 'medium', 'Mouth Corner to Eye Distance': 'medium'}",HA,1.0
"{'Eye Openness': 'medium', 'Eyebrow Width': 'medium', 'Eyebrow to Eye Distance': 'medium', 'Mouth Openness': 'medium', 'Mouth Corner to Eye Distance': 'high'}",NE,0.03149046243793565
"{'Eye Openness': 'medium', 'Eyebrow Width': 'medium', 'Eyebrow to Eye Distance': 'medium', 'Mouth Openness': 'medium', 'Mouth Corner to Eye Distance': 'high'}",SU,0.13197513356547022
"{'Eye Openness': 'medium', 'Eyebrow Width': 'medium', 'Eyebrow to Eye Distance': 'medium', 'Mouth Openness': 'medium', 'Mouth Corner to Eye Distance': 'high'}",FE,0.24659817893278763
"{'Eye Openness': 'medium', 'Eyebrow Width': 'medium', 'Eyebrow to Eye Distance': 'medium', 'Mouth Openness': 'medium', 'Mouth Corner to Eye Distance': 'high'}",AN,0.15561984653391836
"{'Eye Openness': 'medium', 'Eyebrow Width': 'medium', 'Eyebrow to Eye Distance': 'medium', 'Mouth Openness': 'medium', 'Mouth Corner to Eye Distance': 'high'}",SA,0.2189258411623336
"{'Eye Openness': 'medium', 'Eyebrow Width': 'medium', 'Eyebrow to Eye Distance': 'medium', 'Mouth Openness': 'medium', 'Mouth Corner to Eye Distance': 'high'}",HA,0.0748480262282495
"{'Eye Openness': 'medium', 'Eyebrow Width': 'medium', 'Eyebrow to Eye Distance': 'medium', 'Mouth Openness': 'medium', 'Mouth Corner to Eye Distance': 'high'}",DI,0.14054251113930516
"{'Eye Openness': 'medium', 'Eyebrow Width': 'medium', 'Eyebrow to Eye Distance': 'medium', 'Mouth Openness': 'high', 'Mouth Corner to Eye Distance': 'small'}",NE,0.017705748904519404
"{'Eye Openness': 'medium', 'Eyebrow Width': 'medium', 'Eyebrow to Eye Distance': 'medium', 'Mouth Openness': 'high', 'Mouth Corner to Eye Distance': 'small'}",SU,0.15254459998728584
"{'Eye Openness': 'medium', 'Eyebrow Width': 'medium', 'Eyebrow to Eye Distance': 'medium', 'Mouth Openness': 'high', 'Mouth Corner to Eye Distance': 'small'}",FE,0.2765142405415289
"{'Eye Openness': 'medium', 'Eyebrow Width': 'medium', 'Eyebrow to Eye Distance': 'medium', 'Mouth Openness': 'high', 'Mouth Corner to Eye Distance': 'small'}",AN,0.17347624797041072
"{'Eye Openness': 'medium', 'Eyebrow Width': 'medium', 'Eyebrow to Eye Distance': 'medium', 'Mouth Openness': 'high', 'Mouth Corner to Eye Distance': 'small'}",SA,0.23435455310364278
"{'Eye Openness': 'medium', 'Eyebrow Width': 'medium', 'Eyebrow to Eye Distance': 'medium', 'Mouth Openness': 'high', 'Mouth Corner to Eye Distance': 'small'}",DI,0.1454046094926123
"{'Eye Openness': 'medium', 'Eyebrow Width': 'medium', 'Eyebrow to Eye Distance': 'medium', 'Mouth Openness': 'high', 'Mouth Corner to Eye Distance': 'medium'}",HA,1.0
"{'Eye Openness': 'medium', 'Eyebrow Width': 'medium', 'Eyebrow to Eye Distance': 'medium', 'Mouth Openness': 'high', 'Mouth Corner to Eye Distance': 'high'}",NE,0.016806163211669084
"{'Eye Openness': 'medium', 'Eyebrow Width': 'medium', 'Eyebrow to Eye Distance': 'medium', 'Mouth Openness': 'high', 'Mouth Corner to Eye Distance': 'high'}",SU,0.14479418285383658
"{'Eye Openness': 'medium', 'Eyebrow Width': 'medium', 'Eyebrow to Eye Distance': 'medium', 'Mouth Openness': 'high', 'Mouth Corner to Eye Distance': 'high'}",FE,0.23971928946891993
"{'Eye Openness': 'medium', 'Eyebrow Width': 'medium', 'Eyebrow to Eye Distance': 'medium', 'Mouth Openness': 'high', 'Mouth Corner to Eye Distance': 'high'}",AN,0.1560976461234363
"{'Eye Openness': 'medium', 'Eyebrow Width': 'medium', 'Eyebrow to Eye Distance': 'medium', 'Mouth Openness': 'high', 'Mouth Corner to Eye Distance': 'high'}",SA,0.22244757282490657
"{'Eye Openness': 'medium', 'Eyebrow Width': 'medium', 'Eyebrow to Eye Distance': 'medium', 'Mouth Openness': 'high', 'Mouth Corner to Eye Distance': 'high'}",HA,0.08211818774606974
"{'Eye Openness': 'medium', 'Eyebrow Width': 'medium', 'Eyebrow to Eye Distance': 'medium', 'Mouth Openness': 'high', 'Mouth Corner to Eye Distance': 'high'}",DI,0.13801695777116185
"{'Eye Openness': 'medium', 'Eyebrow Width': 'medium', 'Eyebrow to Eye Distance': 'high', 'Mouth Openness': 'small', 'Mouth Corner to Eye Distance': 'small'}",NE,0.3130811325833694
"{'Eye Openness': 'medium', 'Eyebrow Width': 'medium', 'Eyebrow to Eye Distance': 'high', 'Mouth Openness': 'small', 'Mouth Corner to Eye Distance': 'small'}",SU,0.022410063504751256
"{'Eye Openness': 'medium', 'Eyebrow Width': 'medium', 'Eyebrow to Eye Distance': 'high', 'Mouth Openness': 'small', 'Mouth Corner to Eye Distance': 'small'}",FE,0.31802133440504693
"{'Eye Openness': 'medium', 'Eyebrow Width': 'medium', 'Eyebrow to Eye Distance': 'high', 'Mouth Openness': 'small', 'Mouth Corner to Eye Distance': 'small'}",SA,0.16243647465256789
"{'Eye Openness': 'medium', 'Eyebrow Width': 'medium', 'Eyebrow to Eye Distance': 'high', 'Mouth Openness': 'small', 'Mouth Corner to Eye Distance': 'small'}",HA,0.18405099485426454
"{'Eye Openness': 'medium', 'Eyebrow Width': 'medium', 'Eyebrow to Eye Distance': 'high', 'Mouth Openness': 'small', 'Mouth Corner to Eye Distance': 'high'}",NE,0.28599613639586097
"{'Eye Openness': 'medium', 'Eyebrow Width': 'medium', 'Eyebrow to Eye Distance': 'high', 'Mouth Openness': 'small', 'Mouth Corner to Eye Distance': 'high'}",SU,0.0255722789756823
"{'Eye Openness': 'medium', 'Eyebrow Width': 'medium', 'Eyebrow to Eye Distance': 'high', 'Mouth Openness': 'small', 'Mouth Corner to Eye Distance': 'high'}",FE,0.34440243219421474
"{'Eye Openness': 'medium', 'Eyebrow Width': 'medium', 'Eyebrow to Eye Distance': 'high', 'Mouth Openness': 'small', 'Mouth Corner to Eye Distance': 'high'}",SA,0.13400728501886183
"{'Eye Openness': 'medium', 'Eyebrow Width': 'medium', 'Eyebrow to Eye Distance': 'high', 'Mouth Openness': 'small', 'Mouth Corner to Eye Distance': 'high'}",HA,0.2100218674153803
"{'Eye Openness': 'medium', 'Eyebrow Width': 'medium', 'Eyebrow to Eye Distance': 'high', 'Mouth Openness': 'medium', 'Mouth Corner to Eye Distance': 'small'}",NE,0.25890293609869386
"{'Eye Openness': 'medium', 'Eyebrow Width': 'medium', 'Eyebrow to Eye Distance': 'high', 'Mouth Openness': 'medium', 'Mouth Corner to Eye Distance': 'small'}",SU,0.07561735994555059
"{'Eye Openness': 'medium', 'Eyebrow Width': 'medium', 'Eyebrow to Eye Distance': 'high', 'Mouth Openness': 'medium', 'Mouth Corner to Eye Distance': 'small'}",FE,0.3379991537616107
"{'Eye Openness': 'medium', 'Eyebrow Width': 'medium', 'Eyebrow to Eye Distance': 'high', 'Mouth Openness': 'medium', 'Mouth Corner to Eye Distance': 'small'}",AN,0.010743173695733743
"{'Eye Openness': 'medium', 'Eyebrow Width': 'medium', 'Eyebrow to Eye Distance': 'high', 'Mouth Openness': 'medium', 'Mouth Corner to Eye Distance': 'small'}",SA,0.11834452629711457
"{'Eye Openness': 'medium', 'Eyebrow Width': 'medium', 'Eyebrow to Eye Distance': 'high', 'Mouth Openness': 'medium', 'Mouth Corner to Eye Distance': 'small'}",HA,0.1983928502012969
"{'Eye Openness': 'medium', 'Eyebrow Width': 'medium', 'Eyebrow to Eye Distance': 'high', 'Mouth Openness': 'medium', 'Mouth Corner to Eye Distance': 'high'}",NE,0.24207479457834136
"{'Eye Openness': 'medium', 'Eyebrow Width': 'medium', 'Eyebrow to Eye Distance': 'high', 'Mouth Openness': 'medium', 'Mouth Corner to Eye Distance': 'high'}",SU,0.08569382967667848
"{'Eye Openness': 'medium', 'Eyebrow Width': 'medium', 'Eyebrow to Eye Distance': 'high', 'Mouth Openness': 'medium', 'Mouth Corner to Eye Distance': 'high'}",FE,0.33809798965928595
"{'Eye Openness': 'medium', 'Eyebrow Width': 'medium', 'Eyebrow to Eye Distance': 'high', 'Mouth Openness': 'medium', 'Mouth Corner to Eye Distance': 'high'}",AN,0.012174766449557202
"{'Eye Openness': 'medium', 'Eyebrow Width': 'medium', 'Eyebrow to Eye Distance': 'high', 'Mouth Openness': 'medium', 'Mouth Corner to Eye Distance': 'high'}",SA,0.09712872440490211
"{'Eye Openness': 'medium', 'Eyebrow Width': 'medium', 'Eyebrow to Eye Distance': 'high', 'Mouth Openness': 'medium', 'Mouth Corner to Eye Distance': 'high'}",HA,0.22482989523123498
"{'Eye Openness': 'medium', 'Eyebrow Width': 'medium', 'Eyebrow to Eye Distance': 'high', 'Mouth Openness': 'high', 'Mouth Corner to Eye Distance': 'small'}",NE,0.26605870425389666
"{'Eye Openness': 'medium', 'Eyebrow Width': 'medium', 'Eyebrow to Eye Distance': 'high', 'Mouth Openness': 'high', 'Mouth Corner to Eye Distance': 'small'}",SU,0.16346084467676247
"{'Eye Openness': 'medium', 'Eyebrow Width': 'medium', 'Eyebrow to Eye Distance': 'high', 'Mouth Openness': 'high', 'Mouth Corner to Eye Distance': 'small'}",FE,0.29809080686231204
"{'Eye Openness': 'medium', 'Eyebrow Width': 'medium', 'Eyebrow to Eye Distance': 'high', 'Mouth Openness': 'high', 'Mouth Corner to Eye Distance': 'small'}",AN,0.012250942630408431
"{'Eye Openness': 'medium', 'Eyebrow Width': 'medium', 'Eyebrow to Eye Distance': 'high', 'Mouth Openness': 'high', 'Mouth Corner to Eye Distance': 'small'}",SA,0.13434265451606298
"{'Eye Openness': 'medium', 'Eyebrow Width': 'medium', 'Eyebrow to Eye Distance': 'high', 'Mouth Openness': 'high', 'Mouth Corner to Eye Distance': 'small'}",HA,0.12579604706055772
"{'Eye Openness': 'medium', 'Eyebrow Width': 'medium', 'Eyebrow to Eye Distance': 'high', 'Mouth Openness': 'high', 'Mouth Corner to Eye Distance': 'high'}",NE,0.2508278058841559
"{'Eye Openness': 'medium', 'Eyebrow Width': 'medium', 'Eyebrow to Eye Distance': 'high', 'Mouth Openness': 'high', 'Mouth Corner to Eye Distance': 'high'}",SU,0.1717074183371348
"{'Eye Openness': 'medium', 'Eyebrow Width': 'medium', 'Eyebrow to Eye Distance': 'high', 'Mouth Openness': 'high', 'Mouth Corner to Eye Distance': 'high'}",FE,0.3023469149091348
"{'Eye Openness': 'medium', 'Eyebrow Width': 'medium', 'Eyebrow to Eye Distance': 'high', 'Mouth Openness': 'high', 'Mouth Corner to Eye Distance': 'high'}",AN,0.014331845585141513
"{'Eye Openness': 'medium', 'Eyebrow Width': 'medium', 'Eyebrow to Eye Distance': 'high', 'Mouth Openness': 'high', 'Mouth Corner to Eye Distance': 'high'}",SA,0.11362268458544661
"{'Eye Openness': 'medium', 'Eyebrow Width': 'medium', 'Eyebrow to Eye Distance': 'high', 'Mouth Openness': 'high', 'Mouth Corner to Eye Distance': 'high'}",HA,0.14716333069898654
"{'Eye Openness': 'medium', 'Eyebrow Width': 'high', 'Eyebrow to Eye Distance': 'small', 'Mouth Openness': 'small', 'Mouth Corner to Eye Distance': 'small'}",NE,0.2938277549881036
"{'Eye Openness': 'medium', 'Eyebrow Width': 'high', 'Eyebrow to Eye Distance': 'small', 'Mouth Openness': 'small', 'Mouth Corner to Eye Distance': 'small'}",FE,0.30085191233038977
"{'Eye Openness': 'medium', 'Eyebrow Width': 'high', 'Eyebrow to Eye Distance': 'small', 'Mouth Openness': 'small', 'Mouth Corner to Eye Distance': 'small'}",AN,0.13007979282621657
"{'Eye Openness': 'medium', 'Eyebrow Width': 'high', 'Eyebrow to Eye Distance': 'small', 'Mouth Openness': 'small', 'Mouth Corner to Eye Distance': 'small'}",SA,0.1052346591707953
"{'Eye Openness': 'medium', 'Eyebrow Width': 'high', 'Eyebrow to Eye Distance': 'small', 'Mouth Openness': 'small', 'Mouth Corner to Eye Distance': 'small'}",HA,0.17000588068449474
"{'Eye Openness': 'medium', 'Eyebrow Width': 'high', 'Eyebrow to Eye Distance': 'small', 'Mouth Openness': 'small', 'Mouth Corner to Eye Distance': 'high'}",NE,0.31051068922125463
"{'Eye Openness': 'medium', 'Eyebrow Width': 'high', 'Eyebrow to Eye Distance': 'small', 'Mouth Openness': 'small', 'Mouth Corner to Eye Distance': 'high'}",FE,0.25217734732923835
"{'Eye Openness': 'medium', 'Eyebrow Width': 'high', 'Eyebrow to Eye Distance': 'small', 'Mouth Openness': 'small', 'Mouth Corner to Eye Distance': 'high'}",AN,0.14034689360288624
"{'Eye Openness': 'medium', 'Eyebrow Width': 'high', 'Eyebrow to Eye Distance': 'small', 'Mouth Openness': 'small', 'Mouth Corner to Eye Distance': 'high'}",SA,0.11354075212674353
"{'Eye Openness': 'medium', 'Eyebrow Width': 'high', 'Eyebrow to Eye Distance': 'small', 'Mouth Openness': 'small', 'Mouth Corner to Eye Distance': 'high'}",HA,0.18342431771987724
"{'Eye Openness': 'medium', 'Eyebrow Width': 'high', 'Eyebrow to Eye Distance': 'small', 'Mouth Openness': 'medium', 'Mouth Corner to Eye Distance': 'small'}",NE,0.19897798633302022
"{'Eye Openness': 'medium', 'Eyebrow Width': 'high', 'Eyebrow to Eye Distance': 'small', 'Mouth Openness': 'medium', 'Mouth Corner to Eye Distance': 'small'}",FE,0.2691031592455901
"{'Eye Openness': 'medium', 'Eyebrow Width': 'high', 'Eyebrow to Eye Distance': 'small', 'Mouth Openness': 'medium', 'Mouth Corner to Eye Distance': 'small'}",AN,0.08808907531633615
"{'Eye Openness': 'medium', 'Eyebrow Width': 'high', 'Eyebrow to Eye Distance': 'small', 'Mouth Openness': 'medium', 'Mouth Corner to Eye Distance': 'small'}",SA,0.11856374486441563
"{'Eye Openness': 'medium', 'Eyebrow Width': 'high', 'Eyebrow to Eye Distance': 'small', 'Mouth Openness': 'medium', 'Mouth Corner to Eye Distance': 'small'}",HA,0.11512672723767042
"{'Eye Openness': 'medium', 'Eyebrow Width': 'high', 'Eyebrow to Eye Distance': 'small', 'Mouth Openness': 'medium', 'Mouth Corner to Eye Distance': 'small'}",DI,0.21013930700296735
"{'Eye Openness': 'medium', 'Eyebrow Width': 'high', 'Eyebrow to Eye Distance': 'small', 'Mouth Openness': 'medium', 'Mouth Corner to Eye Distance': 'high'}",NE,0.2295851957351772
"{'Eye Openness': 'medium', 'Eyebrow Width': 'high', 'Eyebrow to Eye Distance': 'small', 'Mouth Openness': 'medium', 'Mouth Corner to Eye Distance': 'high'}",FE,0.20117928270083404
"{'Eye Openness': 'medium', 'Eyebrow Width': 'high', 'Eyebrow to Eye Distance': 'small', 'Mouth Openness': 'medium', 'Mouth Corner to Eye Distance': 'high'}",AN,0.10376959685173101
"{'Eye Openness': 'medium', 'Eyebrow Width': 'high', 'Eyebrow to Eye Distance': 'small', 'Mouth Openness': 'medium', 'Mouth Corner to Eye Distance': 'high'}",SA,0.1396689880286466
"{'Eye Openness': 'medium', 'Eyebrow Width': 'high', 'Eyebrow to Eye Distance': 'small', 'Mouth Openness': 'medium', 'Mouth Corner to Eye Distance': 'high'}",HA,0.135620155273633
"{'Eye Openness': 'medium', 'Eyebrow Width': 'high', 'Eyebrow to Eye Distance': 'small', 'Mouth Openness': 'medium', 'Mouth Corner to Eye Distance': 'high'}",DI,0.1901767814099781
"{'Eye Openness': 'medium', 'Eyebrow Width': 'high', 'Eyebrow to Eye Distance': 'small', 'Mouth Openness': 'high', 'Mouth Corner to Eye Distance': 'small'}",NE,0.22904670419818862
"{'Eye Openness': 'medium', 'Eyebrow Width': 'high', 'Eyebrow to Eye Distance': 'small', 'Mouth Openness': 'high', 'Mouth Corner to Eye Distance': 'small'}",FE,0.30976889881357733
"{'Eye Openness': 'medium', 'Eyebrow Width': 'high', 'Eyebrow to Eye Distance': 'small', 'Mouth Openness': 'high', 'Mouth Corner to Eye Distance': 'small'}",AN,0.10140072652712602
"{'Eye Openness': 'medium', 'Eyebrow Width': 'high', 'Eyebrow to Eye Distance': 'small', 'Mouth Openness': 'high', 'Mouth Corner to Eye Distance': 'small'}",SA,0.09237155864904742
"{'Eye Openness': 'medium', 'Eyebrow Width': 'high', 'Eyebrow to Eye Distance': 'small', 'Mouth Openness': 'high', 'Mouth Corner to Eye Distance': 'small'}",HA,0.13252419488645847
"{'Eye Openness': 'medium', 'Eyebrow Width': 'high', 'Eyebrow to Eye Distance': 'small', 'Mouth Openness': 'high', 'Mouth Corner to Eye Distance': 'small'}",DI,0.1348879169256021
"{'Eye Openness': 'medium', 'Eyebrow Width': 'high', 'Eyebrow to Eye Distance': 'small', 'Mouth Openness': 'high', 'Mouth Corner to Eye Distance': 'high'}",NE,0.25432523703313886
"{'Eye Openness': 'medium', 'Eyebrow Width': 'high', 'Eyebrow to Eye Distance': 'small', 'Mouth Openness': 'high', 'Mouth Corner to Eye Distance': 'high'}",FE,0.22285831015891996
"{'Eye Openness': 'medium', 'Eyebrow Width': 'high', 'Eyebrow to Eye Distance': 'small', 'Mouth Openness': 'high', 'Mouth Corner to Eye Distance': 'high'}",AN,0.1149517817629304
"{'Eye Openness': 'medium', 'Eyebrow Width': 'high', 'Eyebrow to Eye Distance': 'small', 'Mouth Openness': 'high', 'Mouth Corner to Eye Distance': 'high'}",SA,0.10471596816504561
"{'Eye Openness': 'medium', 'Eyebrow Width': 'high', 'Eyebrow to Eye Distance': 'small', 'Mouth Openness': 'high', 'Mouth Corner to Eye Distance': 'high'}",HA,0.15023454812053014
"{'Eye Openness': 'medium', 'Eyebrow Width': 'high', 'Eyebrow to Eye Distance': 'small', 'Mouth Openness': 'high', 'Mouth Corner to Eye Distance': 'high'}",DI,0.152914154759435
"{'Eye Openness': 'medium', 'Eyebrow Width': 'high', 'Eyebrow to Eye Distance': 'medium', 'Mouth Openness': 'small', 'Mouth Corner to Eye Distance': 'small'}",AN,1.0
"{'Eye Openness': 'medium', 'Eyebrow Width': 'high', 'Eyebrow to Eye Distance': 'medium', 'Mouth Openness': 'small', 'Mouth Corner to Eye Distance': 'high'}",AN,1.0
"{'Eye Openness': 'medium', 'Eyebrow Width': 'high', 'Eyebrow to Eye Distance': 'medium', 'Mouth Openness': 'medium', 'Mouth Corner to Eye Distance': 'small'}",AN,0.3737436362580009
"{'Eye Openness': 'medium', 'Eyebrow Width': 'high', 'Eyebrow to Eye Distance': 'medium', 'Mouth Openness': 'medium', 'Mouth Corner to Eye Distance': 'small'}",SA,0.19414635995415386
"{'Eye Openness': 'medium', 'Eyebrow Width': 'high', 'Eyebrow to Eye Distance': 'medium', 'Mouth Openness': 'medium', 'Mouth Corner to Eye Distance': 'small'}",DI,0.4321100037878452
"{'Eye Openness': 'medium', 'Eyebrow Width': 'high', 'Eyebrow to Eye Distance': 'medium', 'Mouth Openness': 'medium', 'Mouth Corner to Eye Distance': 'high'}",AN,0.3737436362580009
"{'Eye Openness': 'medium', 'Eyebrow Width': 'high', 'Eyebrow to Eye Distance': 'medium', 'Mouth Openness': 'medium', 'Mouth Corner to Eye Distance': 'high'}",SA,0.19414635995415386
"{'Eye Openness': 'medium', 'Eyebrow Width': 'high', 'Eyebrow to Eye Distance': 'medium', 'Mouth Openness': 'medium', 'Mouth Corner to Eye Distance': 'high'}",DI,0.4321100037878452
"{'Eye Openness': 'medium', 'Eyebrow Width': 'high', 'Eyebrow to Eye Distance': 'medium', 'Mouth Openness': 'high', 'Mouth Corner to Eye Distance': 'small'}",AN,0.5371943253115844
"{'Eye Openness': 'medium', 'Eyebrow Width': 'high', 'Eyebrow to Eye Distance': 'medium', 'Mouth Openness': 'high', 'Mouth Corner to Eye Distance': 'small'}",SA,0.05476952337474732
"{'Eye Openness': 'medium', 'Eyebrow Width': 'high', 'Eyebrow to Eye Distance': 'medium', 'Mouth Openness': 'high', 'Mouth Corner to Eye Distance': 'small'}",DI,0.40803615131366827
"{'Eye Openness': 'medium', 'Eyebrow Width': 'high', 'Eyebrow to Eye Distance': 'medium', 'Mouth Openness': 'high', 'Mouth Corner to Eye Distance': 'high'}",AN,0.5371943253115844
"{'Eye Openness': 'medium', 'Eyebrow Width': 'high', 'Eyebrow to Eye Distance': 'medium', 'Mouth Openness': 'high', 'Mouth Corner to Eye Distance': 'high'}",SA,0.05476952337474732
"{'Eye Openness': 'medium', 'Eyebrow Width': 'high', 'Eyebrow to Eye Distance': 'medium', 'Mouth Openness': 'high', 'Mouth Corner to Eye Distance': 'high'}",DI,0.40803615131366827
"{'Eye Openness': 'medium', 'Eyebrow Width': 'high', 'Eyebrow to Eye Distance': 'high', 'Mouth Openness': 'small', 'Mouth Corner to Eye Distance': 'small'}",NE,0.38285867503978827
"{'Eye Openness': 'medium', 'Eyebrow Width': 'high', 'Eyebrow to Eye Distance': 'high', 'Mouth Openness': 'small', 'Mouth Corner to Eye Distance': 'small'}",FE,0.19102172451055344
"{'Eye Openness': 'medium', 'Eyebrow Width': 'high', 'Eyebrow to Eye Distance': 'high', 'Mouth Openness': 'small', 'Mouth Corner to Eye Distance': 'small'}",SA,0.2408191720780702
"{'Eye Openness': 'medium', 'Eyebrow Width': 'high', 'Eyebrow to Eye Distance': 'high', 'Mouth Openness': 'small', 'Mouth Corner to Eye Distance': 'small'}",HA,0.1853004283715881
"{'Eye Openness': 'medium', 'Eyebrow Width': 'high', 'Eyebrow to Eye Distance': 'high', 'Mouth Openness': 'small', 'Mouth Corner to Eye Distance': 'high'}",NE,0.3675253250412864
"{'Eye Openness': 'medium', 'Eyebrow Width': 'high', 'Eyebrow to Eye Distance': 'high', 'Mouth Openness': 'small', 'Mouth Corner to Eye Distance': 'high'}",FE,0.2238071545075706
"{'Eye Openness': 'medium', 'Eyebrow Width': 'high', 'Eyebrow to Eye Distance': 'high', 'Mouth Openness': 'small', 'Mouth Corner to Eye Distance': 'high'}",SA,0.19156361926325557
"{'Eye Openness': 'medium', 'Eyebrow Width': 'high', 'Eyebrow to Eye Distance': 'high', 'Mouth Openness': 'small', 'Mouth Corner to Eye Distance': 'high'}",HA,0.2171039011878874
"{'Eye Openness': 'medium', 'Eyebrow Width': 'high', 'Eyebrow to Eye Distance': 'high', 'Mouth Openness': 'medium', 'Mouth Corner to Eye Distance': 'small'}",NE,0.2986429628631024
"{'Eye Openness': 'medium', 'Eyebrow Width': 'high', 'Eyebrow to Eye Distance': 'high', 'Mouth Openness': 'medium', 'Mouth Corner to Eye Distance': 'small'}",FE,0.23107313506946411
"{'Eye Openness': 'medium', 'Eyebrow Width': 'high', 'Eyebrow to Eye Distance': 'high', 'Mouth Openness': 'medium', 'Mouth Corner to Eye Distance': 'small'}",SA,0.18978135098179988
"{'Eye Openness': 'medium', 'Eyebrow Width': 'high', 'Eyebrow to Eye Distance': 'high', 'Mouth Openness': 'medium', 'Mouth Corner to Eye Distance': 'small'}",HA,0.1445407210452842
"{'Eye Openness': 'medium', 'Eyebrow Width': 'high', 'Eyebrow to Eye Distance': 'high', 'Mouth Openness': 'medium', 'Mouth Corner to Eye Distance': 'small'}",DI,0.13596183004034926
"{'Eye Openness': 'medium', 'Eyebrow Width': 'high', 'Eyebrow to Eye Distance': 'high', 'Mouth Openness': 'medium', 'Mouth Corner to Eye Distance': 'high'}",NE,0.3227141509097653
"{'Eye Openness': 'medium', 'Eyebrow Width': 'high', 'Eyebrow to Eye Distance': 'high', 'Mouth Openness': 'medium', 'Mouth Corner to Eye Distance': 'high'}",FE,0.21721649822861425
"{'Eye Openness': 'medium', 'Eyebrow Width': 'high', 'Eyebrow to Eye Distance': 'high', 'Mouth Openness': 'medium', 'Mouth Corner to Eye Distance': 'high'}",SA,0.1707577444521741
"{'Eye Openness': 'medium', 'Eyebrow Width': 'high', 'Eyebrow to Eye Distance': 'high', 'Mouth Openness': 'medium', 'Mouth Corner to Eye Distance': 'high'}",HA,0.19063312473276803
"{'Eye Openness': 'medium', 'Eyebrow Width': 'high', 'Eyebrow to Eye Distance': 'high', 'Mouth Openness': 'medium', 'Mouth Corner to Eye Distance': 'high'}",DI,0.09867848167667834
"{'Eye Openness': 'medium', 'Eyebrow Width': 'high', 'Eyebrow to Eye Distance': 'high', 'Mouth Openness': 'high', 'Mouth Corner to Eye Distance': 'small'}",NE,0.32278111787696956
"{'Eye Openness': 'medium', 'Eyebrow Width': 'high', 'Eyebrow to Eye Distance': 'high', 'Mouth Openness': 'high', 'Mouth Corner to Eye Distance': 'small'}",FE,0.24974988238128273
"{'Eye Openness': 'medium', 'Eyebrow Width': 'high', 'Eyebrow to Eye Distance': 'high', 'Mouth Openness': 'high', 'Mouth Corner to Eye Distance': 'small'}",SA,0.20303022142958513
"{'Eye Openness': 'medium', 'Eyebrow Width': 'high', 'Eyebrow to Eye Distance': 'high', 'Mouth Openness': 'high', 'Mouth Corner to Eye Distance': 'small'}",HA,0.1562233881905554
"{'Eye Openness': 'medium', 'Eyebrow Width': 'high', 'Eyebrow to Eye Distance': 'high', 'Mouth Openness': 'high', 'Mouth Corner to Eye Distance': 'small'}",DI,0.0682153901216072
"{'Eye Openness': 'medium', 'Eyebrow Width': 'high', 'Eyebrow to Eye Distance': 'high', 'Mouth Openness': 'high', 'Mouth Corner to Eye Distance': 'high'}",NE,0.32862574661233906
"{'Eye Openness': 'medium', 'Eyebrow Width': 'high', 'Eyebrow to Eye Distance': 'high', 'Mouth Openness': 'high', 'Mouth Corner to Eye Distance': 'high'}",FE,0.22119554939149758
"{'Eye Openness': 'medium', 'Eyebrow Width': 'high', 'Eyebrow to Eye Distance': 'high', 'Mouth Openness': 'high', 'Mouth Corner to Eye Distance': 'high'}",SA,0.17128816197108965
"{'Eye Openness': 'medium', 'Eyebrow Width': 'high', 'Eyebrow to Eye Distance': 'high', 'Mouth Openness': 'high', 'Mouth Corner to Eye Distance': 'high'}",HA,0.19412521194915278
"{'Eye Openness': 'medium', 'Eyebrow Width': 'high', 'Eyebrow to Eye Distance': 'high', 'Mouth Openness': 'high', 'Mouth Corner to Eye Distance': 'high'}",DI,0.08476533007592083
"{'Eye Openness': 'high', 'Eyebrow Width': 'small', 'Eyebrow to Eye Distance': 'small', 'Mouth Openness': 'small', 'Mouth Corner to Eye Distance': 'small'}",HA,1.0
"{'Eye Openness': 'high', 'Eyebrow Width': 'small', 'Eyebrow to Eye Distance': 'small', 'Mouth Openness': 'small', 'Mouth Corner to Eye Distance': 'medium'}",HA,1.0
"{'Eye Openness': 'high', 'Eyebrow Width': 'small', 'Eyebrow to Eye Distance': 'small', 'Mouth Openness': 'small', 'Mouth Corner to Eye Distance': 'high'}",HA,1.0
"{'Eye Openness': 'high', 'Eyebrow Width': 'small', 'Eyebrow to Eye Distance': 'small', 'Mouth Openness': 'medium', 'Mouth Corner to Eye Distance': 'small'}",SA,0.010514249618304201
"{'Eye Openness': 'high', 'Eyebrow Width': 'small', 'Eyebrow to Eye Distance': 'small', 'Mouth Openness': 'medium', 'Mouth Corner to Eye Distance': 'small'}",HA,0.29817756760826286
"{'Eye Openness': 'high', 'Eyebrow Width': 'small', 'Eyebrow to Eye Distance': 'small', 'Mouth Openness': 'medium', 'Mouth Corner to Eye Distance': 'small'}",DI,0.6913081827734329
"{'Eye Openness': 'high', 'Eyebrow Width': 'small', 'Eyebrow to Eye Distance': 'small', 'Mouth Openness': 'medium', 'Mouth Corner to Eye Distance': 'medium'}",HA,1.0
"{'Eye Openness': 'high', 'Eyebrow Width': 'small', 'Eyebrow to Eye Distance': 'small', 'Mouth Openness': 'medium', 'Mouth Corner to Eye Distance': 'high'}",SA,0.0063445812961355355
"{'Eye Openness': 'high', 'Eyebrow Width': 'small', 'Eyebrow to Eye Distance': 'small', 'Mouth Openness': 'medium', 'Mouth Corner to Eye Distance': 'high'}",HA,0.5765014490421496
"{'Eye Openness': 'high', 'Eyebrow Width': 'small', 'Eyebrow to Eye Distance': 'small', 'Mouth Openness': 'medium', 'Mouth Corner to Eye Distance': 'high'}",DI,0.417153969661715
"{'Eye Openness': 'high', 'Eyebrow Width': 'small', 'Eyebrow to Eye Distance': 'small', 'Mouth Openness': 'high', 'Mouth Corner to Eye Distance': 'small'}",HA,0.21645507059970961
"{'Eye Openness': 'high', 'Eyebrow Width': 'small', 'Eyebrow to Eye Distance': 'small', 'Mouth Openness': 'high', 'Mouth Corner to Eye Distance': 'small'}",DI,0.7835449294002904
"{'Eye Openness': 'high', 'Eyebrow Width': 'small', 'Eyebrow to Eye Distance': 'small', 'Mouth Openness': 'high', 'Mouth Corner to Eye Distance': 'medium'}",HA,1.0
"{'Eye Openness': 'high', 'Eyebrow Width': 'small', 'Eyebrow to Eye Distance': 'small', 'Mouth Openness': 'high', 'Mouth Corner to Eye Distance': 'high'}",HA,0.46953120071743804
"{'Eye Openness': 'high', 'Eyebrow Width': 'small', 'Eyebrow to Eye Distance': 'small', 'Mouth Openness': 'high', 'Mouth Corner to Eye Distance': 'high'}",DI,0.530468799282562
"{'Eye Openness': 'high', 'Eyebrow Width': 'small', 'Eyebrow to Eye Distance': 'medium', 'Mouth Openness': 'small', 'Mouth Corner to Eye Distance': 'small'}",DI,1.0
"{'Eye Openness': 'high', 'Eyebrow Width': 'small', 'Eyebrow to Eye Distance': 'medium', 'Mouth Openness': 'small', 'Mouth Corner to Eye Distance': 'high'}",DI,1.0
"{'Eye Openness': 'high', 'Eyebrow Width': 'small', 'Eyebrow to Eye Distance': 'medium', 'Mouth Openness': 'medium', 'Mouth Corner to Eye Distance': 'small'}",DI,1.0
"{'Eye Openness': 'high', 'Eyebrow Width': 'small', 'Eyebrow to Eye Distance': 'medium', 'Mouth Openness': 'medium', 'Mouth Corner to Eye Distance': 'high'}",DI,1.0
"{'Eye Openness': 'high', 'Eyebrow Width': 'small', 'Eyebrow to Eye Distance': 'medium', 'Mouth Openness': 'high', 'Mouth Corner to Eye Distance': 'small'}",DI,1.0
"{'Eye Openness': 'high', 'Eyebrow Width': 'small', 'Eyebrow to Eye Distance': 'medium', 'Mouth Openness': 'high', 'Mouth Corner to Eye Distance': 'high'}",DI,1.0
"{'Eye Openness': 'high', 'Eyebrow Width': 'small', 'Eyebrow to Eye Distance': 'high', 'Mouth Openness': 'small', 'Mouth Corner to Eye Distance': 'small'}",HA,1.0
"{'Eye Openness': 'high', 'Eyebrow Width': 'small', 'Eyebrow to Eye Distance': 'high', 'Mouth Openness': 'small', 'Mouth Corner to Eye Distance': 'medium'}",HA,1.0
"{'Eye Openness': 'high', 'Eyebrow Width': 'small', 'Eyebrow to Eye Distance': 'high', 'Mouth Openness': 'small', 'Mouth Corner to Eye Distance': 'high'}",HA,1.0
"{'Eye Openness': 'high', 'Eyebrow Width': 'small', 'Eyebrow to Eye Distance': 'high', 'Mouth Openness': 'medium', 'Mouth Corner to Eye Distance': 'small'}",SA,0.03406066838042285
"{'Eye Openness': 'high', 'Eyebrow Width': 'small', 'Eyebrow to Eye Distance': 'high', 'Mouth Openness': 'medium', 'Mouth Corner to Eye Distance': 'small'}",HA,0.9659393316195772
"{'Eye Openness': 'high', 'Eyebrow Width': 'small', 'Eyebrow to Eye Distance': 'high', 'Mouth Openness': 'medium', 'Mouth Corner to Eye Distance': 'medium'}",HA,1.0
"{'Eye Openness': 'high', 'Eyebrow Width': 'small', 'Eyebrow to Eye Distance': 'high', 'Mouth Openness': 'medium', 'Mouth Corner to Eye Distance': 'high'}",SA,0.013861389494671215
"{'Eye Openness': 'high', 'Eyebrow Width': 'small', 'Eyebrow to Eye Distance': 'high', 'Mouth Openness': 'medium', 'Mouth Corner to Eye Distance': 'high'}",HA,0.9861386105053287
"{'Eye Openness': 'high', 'Eyebrow Width': 'small', 'Eyebrow to Eye Distance': 'high', 'Mouth Openness': 'high', 'Mouth Corner to Eye Distance': 'small'}",HA,1.0
"{'Eye Openness': 'high', 'Eyebrow Width': 'small', 'Eyebrow to Eye Distance': 'high', 'Mouth Openness': 'high', 'Mouth Corner to Eye Distance': 'medium'}",HA,1.0
"{'Eye Openness': 'high', 'Eyebrow Width': 'small', 'Eyebrow to Eye Distance': 'high', 'Mouth Openness': 'high', 'Mouth Corner to Eye Distance': 'high'}",HA,1.0
"{'Eye Openness': 'high', 'Eyebrow Width': 'medium', 'Eyebrow to Eye Distance': 'small', 'Mouth Openness': 'medium', 'Mouth Corner to Eye Distance': 'small'}",SA,0.021036613272746318
"{'Eye Openness': 'high', 'Eyebrow Width': 'medium', 'Eyebrow to Eye Distance': 'small', 'Mouth Openness': 'medium', 'Mouth Corner to Eye Distance': 'small'}",DI,0.9789633867272537
"{'Eye Openness': 'high', 'Eyebrow Width': 'medium', 'Eyebrow to Eye Distance': 'small', 'Mouth Openness': 'medium', 'Mouth Corner to Eye Distance': 'high'}",SA,0.021036613272746318
"{'Eye Openness': 'high', 'Eyebrow Width': 'medium', 'Eyebrow to Eye Distance': 'small', 'Mouth Openness': 'medium', 'Mouth Corner to Eye Distance': 'high'}",DI,0.9789633867272537
"{'Eye Openness': 'high', 'Eyebrow Width': 'medium', 'Eyebrow to Eye Distance': 'small', 'Mouth Openness': 'high', 'Mouth Corner to Eye Distance': 'small'}",DI,1.0
"{'Eye Openness': 'high', 'Eyebrow Width': 'medium', 'Eyebrow to Eye Distance': 'small', 'Mouth Openness': 'high', 'Mouth Corner to Eye Distance': 'high'}",DI,1.0
"{'Eye Openness': 'high', 'Eyebrow Width': 'medium', 'Eyebrow to Eye Distance': 'medium', 'Mouth Openness': 'small', 'Mouth Corner to Eye Distance': 'small'}",DI,1.0
"{'Eye Openness': 'high', 'Eyebrow Width': 'medium', 'Eyebrow to Eye Distance': 'medium', 'Mouth Openness': 'small', 'Mouth Corner to Eye Distance': 'high'}",DI,1.0
"{'Eye Openness': 'high', 'Eyebrow Width': 'medium', 'Eyebrow to Eye Distance': 'medium', 'Mouth Openness': 'medium', 'Mouth Corner to Eye Distance': 'small'}",DI,1.0
"{'Eye Openness': 'high', 'Eyebrow Width': 'medium', 'Eyebrow to Eye Distance': 'medium', 'Mouth Openness': 'medium', 'Mouth Corner to Eye Distance': 'high'}",DI,1.0
"{'Eye Openness': 'high', 'Eyebrow Width': 'medium', 'Eyebrow to Eye Distance': 'medium', 'Mouth Openness': 'high', 'Mouth Corner to Eye Distance': 'small'}",DI,1.0
"{'Eye Openness': 'high', 'Eyebrow Width': 'medium', 'Eyebrow to Eye Distance': 'medium', 'Mouth Openness': 'high', 'Mouth Corner to Eye Distance': 'high'}",DI,1.0
"{'Eye Openness': 'high', 'Eyebrow Width': 'medium', 'Eyebrow to Eye Distance': 'high', 'Mouth Openness': 'medium', 'Mouth Corner to Eye Distance': 'small'}",SA,1.0
"{'Eye Openness': 'high', 'Eyebrow Width': 'medium', 'Eyebrow to Eye Distance': 'high', 'Mouth Openness': 'medium', 'Mouth Corner to Eye Distance': 'high'}",SA,1.0
"{'Eye Openness': 'high', 'Eyebrow Width': 'high', 'Eyebrow to Eye Distance': 'small', 'Mouth Openness': 'medium', 'Mouth Corner to Eye Distance': 'small'}",DI,1.0
"{'Eye Openness': 'high', 'Eyebrow Width': 'high', 'Eyebrow to Eye Distance': 'small', 'Mouth Openness': 'medium', 'Mouth Corner to Eye Distance': 'high'}",DI,1.0
"{'Eye Openness': 'high', 'Eyebrow Width': 'high', 'Eyebrow to Eye Distance': 'small', 'Mouth Openness': 'high', 'Mouth Corner to Eye Distance': 'small'}",DI,1.0
"{'Eye Openness': 'high', 'Eyebrow Width': 'high', 'Eyebrow to Eye Distance': 'small', 'Mouth Openness': 'high', 'Mouth Corner to Eye Distance': 'high'}",DI,1.0
"{'Eye Openness': 'high', 'Eyebrow Width': 'high', 'Eyebrow to Eye Distance': 'medium', 'Mouth Openness': 'small', 'Mouth Corner to Eye Distance': 'small'}",DI,1.0
"{'Eye Openness': 'high', 'Eyebrow Width': 'high', 'Eyebrow to Eye Distance': 'medium', 'Mouth Openness': 'small', 'Mouth Corner to Eye Distance': 'high'}",DI,1.0
"{'Eye Openness': 'high', 'Eyebrow Width': 'high', 'Eyebrow to Eye Distance': 'medium', 'Mouth Openness': 'medium', 'Mouth Corner to Eye Distance': 'small'}",DI,1.0
"{'Eye Openness': 'high', 'Eyebrow Width': 'high', 'Eyebrow to Eye Distance': 'medium', 'Mouth Openness': 'medium', 'Mouth Corner to Eye Distance': 'high'}",DI,1.0
"{'Eye Openness': 'high', 'Eyebrow Width': 'high', 'Eyebrow to Eye Distance': 'medium', 'Mouth Openness': 'high', 'Mouth Corner to Eye Distance': 'small'}",DI,1.0
"{'Eye Openness': 'high', 'Eyebrow Width': 'high', 'Eyebrow to Eye Distance': 'medium', 'Mouth Openness': 'high', 'Mouth Corner to Eye Distance': 'high'}",DI,1.0
